node_id,login,status,pages,following_count_visible,error,fetched_at
github:00nktk,00nktk,complete,1,6,,2026-06-07T13:45:42.153716+00:00
github:0x0ece,0x0ece,complete,2,94,,2026-06-07T13:47:03.184965+00:00
github:0xaguspunk,0xaguspunk,complete,1,17,,2026-06-07T13:44:10.910507+00:00
github:0xalpharush,0xalpharush,complete,5,225,,2026-06-07T13:47:22.982278+00:00
github:0xb10c,0xB10C,complete,3,135,,2026-06-07T13:35:50.296987+00:00
github:0xbeny,0xbeny,complete,3,80,,2026-06-07T13:44:09.927931+00:00
github:0xc1c4da,0xc1c4da,unavailable,1,0,GitHub no expone la pestaña pública de following,2026-06-07T13:41:44.302162+00:00
github:0xcharry,0xcharry,unavailable,1,0,GitHub no expone la pestaña pública de following,2026-06-07T13:44:07.334545+00:00
github:0xcryptosheik,0xCryptoSheik,complete,1,1,,2026-06-07T13:45:39.706245+00:00
github:0xe3b0c4,0xe3b0c4,unavailable,1,0,GitHub no expone la pestaña pública de following,2026-06-07T13:44:06.045048+00:00
github:0xedgar,0xEdgar,complete,1,45,,2026-06-07T13:44:56.426394+00:00
github:0xjvn,0xjvn,complete,1,21,,2026-06-07T13:41:25.767848+00:00
github:0xkardashev,0xkardashev,complete,1,1,,2026-06-07T13:46:45.543662+00:00
github:0xmavi,0xMavi,complete,1,0,,2026-06-07T13:47:32.426123+00:00
github:0xmountaintop,0xmountaintop,complete,3,118,,2026-06-07T13:42:03.744796+00:00
github:0xnineteen,0xNineteen,complete,5,197,,2026-06-07T13:45:34.703796+00:00
github:0xplish,0xPlish,complete,1,2,,2026-06-07T13:47:32.230240+00:00
github:0xripleys,0xripleys,complete,1,4,,2026-06-07T13:45:39.242598+00:00
github:0xxfloki,0xxFloki,unavailable,1,0,GitHub no expone la pestaña pública de following,2026-06-07T13:42:42.754260+00:00
github:1033309821,1033309821,complete,1,32,,2026-06-07T13:44:08.638357+00:00
github:10gic,10gic,complete,1,0,,2026-06-07T13:43:38.298274+00:00
github:10xcryptodev,10xcryptodev,complete,1,37,,2026-06-07T13:39:30.387862+00:00
github:2501babe,2501babe,complete,1,14,,2026-06-07T13:44:39.986035+00:00
github:4406arthur,4406arthur,complete,1,30,,2026-06-07T13:47:33.926879+00:00
github:4r33x,4r33x,complete,1,2,,2026-06-07T13:47:14.150473+00:00
github:4tar,4tar,complete,1,0,,2026-06-07T13:38:11.338294+00:00
github:5chdn,5chdn,complete,1,41,,2026-06-07T13:41:53.935221+00:00
github:6543,6543,complete,2,48,,2026-06-07T13:44:08.432389+00:00
github:6xiaowu9,6xiaowu9,complete,1,6,,2026-06-07T13:44:08.293714+00:00
github:9547,9547,complete,1,0,,2026-06-07T13:43:55.661242+00:00
github:a26nine,a26nine,complete,1,0,,2026-06-07T13:46:23.649887+00:00
github:aarjn,aarjn,complete,2,51,,2026-06-07T13:47:35.977428+00:00
github:aaron1011,Aaron1011,complete,2,80,,2026-06-07T13:44:52.047138+00:00
github:aaronbuchwald,aaronbuchwald,complete,1,0,,2026-06-07T13:40:49.086865+00:00
github:aaronchen0,AaronChen0,complete,1,8,,2026-06-07T13:40:56.683986+00:00
github:abcalphabet,abcalphabet,complete,1,1,,2026-06-07T13:47:16.064877+00:00
github:abeln,abeln,complete,1,3,,2026-06-07T13:43:39.542905+00:00
github:abirdcfly,Abirdcfly,complete,15,719,,2026-06-07T13:43:07.631572+00:00
github:abrkn,abrkn,complete,1,31,,2026-06-07T13:46:21.961376+00:00
github:abrzezinski94,abrzezinski94,complete,1,8,,2026-06-07T13:46:23.343511+00:00
github:accraze,accraze,complete,2,63,,2026-06-07T13:37:39.822211+00:00
github:acheroncrypto,acheroncrypto,complete,1,0,,2026-06-07T13:45:00.440814+00:00
github:achmand,achmand,complete,1,2,,2026-06-07T13:43:31.908610+00:00
github:achow101,achow101,complete,1,8,,2026-06-07T13:35:06.402838+00:00
github:acud,acud,complete,1,7,,2026-06-07T13:40:45.589768+00:00
github:adambabik,adambabik,complete,1,37,,2026-06-07T13:44:08.295476+00:00
github:adamjonas,adamjonas,complete,1,0,,2026-06-07T13:36:23.360159+00:00
github:adamschmideg,adamschmideg,complete,1,0,,2026-06-07T13:41:12.170022+00:00
github:adblesss,adblesss,unavailable,1,0,GitHub no expone la pestaña pública de following,2026-06-07T13:41:24.193164+00:00
github:aditya520,aditya520,complete,9,386,,2026-06-07T13:44:25.834651+00:00
github:adityasripal,AdityaSripal,complete,1,9,,2026-06-07T13:44:09.760565+00:00
github:adriacidre,adriacidre,complete,1,29,,2026-06-07T13:44:10.858064+00:00
github:aeharvlee,aeharvlee,complete,3,95,,2026-06-07T13:43:36.465374+00:00
github:aeyakovenko,aeyakovenko,complete,1,27,,2026-06-07T13:44:20.320821+00:00
github:afanasy,afanasy,complete,3,118,,2026-06-07T13:48:18.608601+00:00
github:afk11,afk11,complete,3,101,,2026-06-07T13:39:08.384200+00:00
github:afurm,afurm,complete,1,1,,2026-06-07T13:43:47.922336+00:00
github:agroce,agroce,complete,3,149,,2026-06-07T13:39:38.701199+00:00
github:ahmetavc,ahmetavc,complete,1,26,,2026-06-07T13:44:11.878752+00:00
github:aiham,aiham,complete,1,17,,2026-06-07T13:46:23.142268+00:00
github:airead,Airead,complete,1,9,,2026-06-07T13:44:12.206246+00:00
github:ais0127,AIS0127,complete,1,1,,2026-06-07T13:47:31.319613+00:00
github:ajsutton,ajsutton,complete,1,4,,2026-06-07T13:41:26.791168+00:00
github:ajtowns,ajtowns,complete,1,0,,2026-06-07T13:35:14.271984+00:00
github:ajweiss,ajweiss,complete,1,8,,2026-06-07T13:37:00.295759+00:00
github:akhi3030,akhi3030,complete,1,0,,2026-06-07T13:46:49.241675+00:00
github:akhrani,AkhRani,complete,1,1,,2026-06-07T13:46:45.339750+00:00
github:akionak,AkioNak,complete,1,9,,2026-06-07T13:36:01.529416+00:00
github:alanchchen,alanchchen,complete,1,7,,2026-06-07T13:48:18.413548+00:00
github:alannza,alannza,complete,1,0,,2026-06-07T13:47:30.320067+00:00
github:alarso16,alarso16,complete,1,1,,2026-06-07T13:43:26.204345+00:00
github:alejandro-isaza,alejandro-isaza,complete,1,20,,2026-06-07T13:44:12.405530+00:00
github:alescoin,alescoin,complete,1,0,,2026-06-07T13:44:12.849466+00:00
github:alessandrod,alessandrod,complete,1,31,,2026-06-07T13:44:31.208155+00:00
github:aletna,aletna,complete,2,74,,2026-06-07T13:45:10.491784+00:00
github:alex347,alex347,complete,1,0,,2026-06-07T13:43:39.736635+00:00
github:alexanderkjeldaas,alexanderkjeldaas,complete,1,3,,2026-06-07T13:37:41.164797+00:00
github:alexanderwiederin,alexanderwiederin,unavailable,1,0,GitHub no expone la pestaña pública de following,2026-06-07T13:38:08.510708+00:00
github:alexeyakhunov,AlexeyAkhunov,complete,1,1,,2026-06-07T13:41:53.356238+00:00
github:alexfmpe,alexfmpe,complete,1,0,,2026-06-07T13:44:58.280706+00:00
github:alexmylonas,alexmylonas,complete,1,5,,2026-06-07T13:44:06.108510+00:00
github:alexprut,alexprut,complete,3,136,,2026-06-07T13:42:32.255053+00:00
github:alexpyattaev,alexpyattaev,complete,1,2,,2026-06-07T13:46:49.958755+00:00
github:alfonsoromanz,alfonsoromanz,complete,1,3,,2026-06-07T13:37:15.346339+00:00
github:ali92hm,ali92hm,complete,1,25,,2026-06-07T13:43:42.381375+00:00
github:almostefficient,AlmostEfficient,complete,1,27,,2026-06-07T13:45:02.325546+00:00
github:alonmuroch,alonmuroch,complete,1,8,,2026-06-07T13:43:41.907947+00:00
github:amadeuszpawlik,amadeuszpawlik,complete,1,0,,2026-06-07T13:37:18.739608+00:00
github:aman2909verma,aman2909verma,complete,1,0,,2026-06-07T13:46:24.662057+00:00
github:amilz,amilz,complete,3,72,,2026-06-07T13:47:18.172688+00:00
github:amirabrams,AmirAbrams,complete,1,14,,2026-06-07T13:39:21.378895+00:00
github:amiremohamadi,amiremohamadi,complete,1,11,,2026-06-07T13:44:07.353443+00:00
github:amitbrd,AmitBRD,complete,1,14,,2026-06-07T13:43:43.407025+00:00
github:amitiuttarwar,amitiuttarwar,unavailable,1,0,GitHub no expone la pestaña pública de following,2026-06-07T13:35:25.174001+00:00
github:amrali,amrali,complete,2,78,,2026-06-07T13:46:23.821409+00:00
github:ananas-block,ananas-block,complete,1,5,,2026-06-07T13:44:56.989366+00:00
github:andreisilviudragnea,andreisilviudragnea,complete,11,292,,2026-06-07T13:44:02.737499+00:00
github:andrewtoth,andrewtoth,complete,2,59,,2026-06-07T13:35:40.332598+00:00
github:angusp,AngusP,complete,2,56,,2026-06-07T13:37:45.547211+00:00
github:anim001k,anim001k,unavailable,1,0,GitHub no expone la pestaña pública de following,2026-06-07T13:47:11.281388+00:00
github:anish-sr,ANISH-SR,complete,2,52,,2026-06-07T13:47:25.830626+00:00
github:anothel,anothel,complete,2,87,,2026-06-07T13:42:13.961951+00:00
github:ansh-699,Ansh-699,complete,4,181,,2026-06-07T13:47:36.497738+00:00
github:antematter-dev,antematter-dev,complete,1,0,,2026-06-07T13:46:19.538718+00:00
github:anthontaylor,anthontaylor,complete,3,80,,2026-06-07T13:46:28.273376+00:00
github:antidmg,antidmg,complete,2,50,,2026-06-07T13:46:45.337697+00:00
github:antoinerondelet,AntoineRondelet,complete,3,106,,2026-06-07T13:42:28.708166+00:00
github:antonok-edm,antonok-edm,complete,1,3,,2026-06-07T13:44:54.161510+00:00
github:antutov,ANtutov,complete,1,0,,2026-06-07T13:43:39.279920+00:00
github:apetro2,apetro2,complete,1,10,,2026-06-07T13:47:30.135847+00:00
github:apfitzge,apfitzge,complete,1,13,,2026-06-07T13:44:23.496222+00:00
github:apoelstra,apoelstra,complete,1,25,,2026-06-07T13:38:06.962593+00:00
github:arachnid,Arachnid,complete,1,3,,2026-06-07T13:40:48.110723+00:00
github:arajasek,arajasek,complete,1,4,,2026-06-07T13:44:08.513237+00:00
github:arboreum,arboreum,complete,1,0,,2026-06-07T13:41:35.505323+00:00
github:archseer,archseer,complete,1,12,,2026-06-07T13:46:29.013546+00:00
github:ariard,ariard,complete,1,0,,2026-06-07T13:37:15.175603+00:00
github:armaniferrante,armaniferrante,complete,1,28,,2026-06-07T13:46:30.781417+00:00
github:arnabsen1729,arnabsen1729,complete,6,273,,2026-06-07T13:39:55.769006+00:00
github:arowser,arowser,complete,5,201,,2026-06-07T13:38:08.832021+00:00
github:arr4n,ARR4N,complete,1,8,,2026-06-07T13:43:51.512152+00:00
github:arrowana,Arrowana,complete,1,5,,2026-06-07T13:44:39.828251+00:00
github:artburkart,artburkart,complete,2,58,,2026-06-07T13:45:37.772017+00:00
github:arthurgreef,arthurgreef,complete,1,2,,2026-06-07T13:46:31.830382+00:00
github:asamuj,asamuj,complete,1,2,,2026-06-07T13:43:13.333430+00:00
github:aschonfeld,aschonfeld,complete,1,4,,2026-06-07T13:46:20.914177+00:00
github:ashleyholman,ashleyholman,complete,1,0,,2026-06-07T13:37:19.878608+00:00
github:ashwinsekar,AshwinSekar,complete,1,10,,2026-06-07T13:44:28.615884+00:00
github:askibin,askibin,complete,1,0,,2026-06-07T13:45:38.977312+00:00
github:asmarcz,asmarcz,complete,1,20,,2026-06-07T13:45:58.347325+00:00
github:aso20455,aso20455,unavailable,1,0,GitHub no expone la pestaña pública de following,2026-06-07T13:41:52.495562+00:00
github:asubiotto,asubiotto,complete,1,5,,2026-06-07T13:45:38.401161+00:00
github:atharmohammad,atharmohammad,complete,1,20,,2026-06-07T13:45:07.371523+00:00
github:atomicinnovation321,AtomicInnovation321,complete,1,3,,2026-06-07T13:43:13.259136+00:00
github:atorrers,atorrers,complete,1,9,,2026-06-07T13:47:12.465760+00:00
github:atoulme,atoulme,complete,1,13,,2026-06-07T13:43:49.349507+00:00
github:aureleoules,aureleoules,complete,2,74,,2026-06-07T13:35:51.843997+00:00
github:ausiv,AusIV,complete,1,7,,2026-06-07T13:43:27.572208+00:00
github:austinabell,austinabell,complete,1,6,,2026-06-07T13:46:29.544148+00:00
github:avhimaz,AvhiMaz,complete,1,33,,2026-06-07T13:46:56.487884+00:00
github:axic,axic,complete,1,5,,2026-06-07T13:41:21.226353+00:00
github:ayeowch,ayeowch,unavailable,1,0,GitHub no expone la pestaña pública de following,2026-06-07T13:43:12.508120+00:00
github:ayush933,ayush933,complete,1,11,,2026-06-07T13:37:22.747142+00:00
github:b-l-u-e,b-l-u-e,unavailable,1,0,GitHub no expone la pestaña pública de following,2026-06-07T13:37:35.535177+00:00
github:b00ris,b00ris,complete,1,1,,2026-06-07T13:41:26.855490+00:00
github:babyhalimao,BabyHalimao,complete,2,62,,2026-06-07T13:42:49.334603+00:00
github:backbone-link,backbone-link,complete,1,16,,2026-06-07T13:46:18.993416+00:00
github:banool,banool,complete,1,43,,2026-06-07T13:46:02.467581+00:00
github:baptiste-b-pegasys,baptiste-b-pegasys,complete,1,0,,2026-06-07T13:41:25.739364+00:00
github:barnabasbusa,barnabasbusa,complete,1,5,,2026-06-07T13:43:27.001192+00:00
github:bartenbach,bartenbach,complete,1,25,,2026-06-07T13:47:13.689414+00:00
github:bartosz-lipinski,bartosz-lipinski,complete,1,12,,2026-06-07T13:44:55.632256+00:00
github:bashmunta,Bashmunta,complete,1,0,,2026-06-07T13:41:48.956226+00:00
github:bastiengimbert,BastienGimbert,complete,1,29,,2026-06-07T13:47:23.272953+00:00
github:bdhobare,bdhobare,complete,1,19,,2026-06-07T13:46:37.758799+00:00
github:beautyfree,beautyfree,complete,25,871,,2026-06-07T13:46:13.010324+00:00
github:behzadnouri,behzadnouri,complete,1,17,,2026-06-07T13:44:18.057291+00:00
github:bennofs,bennofs,complete,1,47,,2026-06-07T13:45:24.812250+00:00
github:benthecarman,benthecarman,complete,4,146,,2026-06-07T13:36:19.541879+00:00
github:benwestgate,BenWestgate,complete,2,57,,2026-06-07T13:39:24.283763+00:00
github:bernieblume,bernieblume,complete,1,3,,2026-06-07T13:46:28.468602+00:00
github:bgzhu1,BGZHU1,complete,2,50,,2026-06-07T13:46:29.832591+00:00
github:bhaumikmaan,bhaumikmaan,complete,1,24,,2026-06-07T13:47:32.869635+00:00
github:billymcbip,billymcbip,complete,1,0,,2026-06-07T13:37:21.019380+00:00
github:billythedummy,billythedummy,complete,3,79,,2026-06-07T13:45:55.266517+00:00
github:binacs,binacs,complete,1,18,,2026-06-07T13:42:20.866093+00:00
github:bitcoin-core-merge-script,bitcoin-core-merge-script,complete,1,0,,2026-06-07T13:36:20.089074+00:00
github:bitcoinhodler,bitcoinhodler,complete,1,0,,2026-06-07T13:39:15.924270+00:00
github:bitoniceelis,BitonicEelis,complete,1,0,,2026-06-07T13:39:10.037819+00:00
github:bitstein,bitstein,complete,1,26,,2026-06-07T13:38:45.182859+00:00
github:bitwonka,BitWonka,complete,1,4,,2026-06-07T13:47:31.814334+00:00
github:bji,bji,complete,1,0,,2026-06-07T13:44:37.575035+00:00
github:bkirwi,bkirwi,complete,1,0,,2026-06-07T13:43:27.753643+00:00
github:bliotti,bliotti,complete,3,127,,2026-06-07T13:39:30.910977+00:00
github:bmuddha,bmuddha,complete,1,4,,2026-06-07T13:47:33.313347+00:00
github:bnovil,bnovil,complete,1,7,,2026-06-07T13:41:34.721807+00:00
github:bodhi-crypo,bodhi-crypo,complete,1,10,,2026-06-07T13:41:40.742232+00:00
github:bonyhanter83,BonyHanter83,complete,1,11,,2026-06-07T13:47:32.249192+00:00
github:borkborked,BorkBorked,complete,1,0,,2026-06-07T13:43:27.935996+00:00
github:brakmic,brakmic,complete,1,0,,2026-06-07T13:36:26.580596+00:00
github:brandon-j-roberts,brandon-j-roberts,complete,1,0,,2026-06-07T13:46:26.789582+00:00
github:brandondahler,brandondahler,complete,1,1,,2026-06-07T13:38:04.560871+00:00
github:brandonodiwuor,BrandonOdiwuor,complete,1,39,,2026-06-07T13:36:25.982644+00:00
github:brendankirby,brendankirby,complete,1,2,,2026-06-07T13:46:27.075950+00:00
github:brianlong,brianlong,complete,1,12,,2026-06-07T13:45:37.984420+00:00
github:brooksprumo,brooksprumo,unavailable,1,0,GitHub no expone la pestaña pública de following,2026-06-07T13:44:16.717215+00:00
github:brson,brson,complete,1,0,,2026-06-07T13:44:30.525572+00:00
github:brunoerg,brunoerg,complete,3,109,,2026-06-07T13:35:34.704999+00:00
github:bruwozniak,bruwozniak,complete,1,11,,2026-06-07T13:46:12.783041+00:00
github:bstnxbt,bstnxbt,complete,1,7,,2026-06-07T13:41:54.623878+00:00
github:btcdrak,btcdrak,complete,1,0,,2026-06-07T13:35:51.651055+00:00
github:bubelov,bubelov,complete,1,24,,2026-06-07T13:39:59.348766+00:00
github:buddh0,buddh0,complete,1,10,,2026-06-07T13:41:14.087274+00:00
github:buffalojoec,buffalojoec,complete,1,18,,2026-06-07T13:44:57.845969+00:00
github:buffalu,buffalu,complete,2,56,,2026-06-07T13:44:53.666967+00:00
github:bugmaker9371,bugmaker9371,complete,1,0,,2026-06-07T13:41:51.620168+00:00
github:burnto,burnto,complete,1,45,,2026-06-07T13:46:25.978694+00:00
github:burtonqin,BurtonQin,complete,1,31,,2026-06-07T13:44:57.902535+00:00
github:bushstar,Bushstar,complete,1,0,,2026-06-07T13:36:10.615881+00:00
github:bw-solana,bw-solana,complete,1,12,,2026-06-07T13:44:28.417937+00:00
github:bytetwt,bytetwt,complete,1,22,,2026-06-07T13:47:08.801180+00:00
github:bzo95,BZO95,complete,1,11,,2026-06-07T13:41:41.446629+00:00
github:c410-f3r,c410-f3r,complete,1,0,,2026-06-07T13:45:36.222153+00:00
github:cabreraalex,cabreraalex,complete,1,32,,2026-06-07T13:44:13.451368+00:00
github:caesarchad,caesarchad,complete,1,16,,2026-06-07T13:41:54.789771+00:00
github:caktux,caktux,complete,1,1,,2026-06-07T13:41:17.261194+00:00
github:callendorph,callendorph,complete,1,0,,2026-06-07T13:43:28.925424+00:00
github:callensm,callensm,complete,1,7,,2026-06-07T13:46:30.545073+00:00
github:canardmandarin,CanardMandarin,complete,1,8,,2026-06-07T13:46:12.564380+00:00
github:carllin,carllin,complete,1,1,,2026-06-07T13:44:20.117460+00:00
github:carloskiki,carloskiki,complete,1,2,,2026-06-07T13:46:10.644531+00:00
github:casey,casey,complete,1,23,,2026-06-07T13:36:20.676978+00:00
github:cathalyst,cathalyst,complete,1,0,,2026-06-07T13:44:03.993408+00:00
github:cavemanloverboy,cavemanloverboy,complete,1,8,,2026-06-07T13:45:04.418706+00:00
github:cctdaniel,cctdaniel,complete,1,8,,2026-06-07T13:46:04.374347+00:00
github:cdecker,cdecker,complete,1,20,,2026-06-07T13:37:24.045399+00:00
github:cdetrio,cdetrio,complete,1,12,,2026-06-07T13:41:28.184230+00:00
github:cdrappi,cdrappi,complete,1,47,,2026-06-07T13:45:37.563148+00:00
github:ceciestermat,ceciEstErmat,complete,1,2,,2026-06-07T13:47:29.865450+00:00
github:celil-kj,celil-kj,complete,1,1,,2026-06-07T13:48:12.765764+00:00
github:certik-geth,CertiK-Geth,complete,1,0,,2026-06-07T13:42:09.190147+00:00
github:ceyonur,ceyonur,complete,1,24,,2026-06-07T13:41:28.391253+00:00
github:cgdusek,cgdusek,complete,1,3,,2026-06-07T13:42:19.540638+00:00
github:ch4ot1c,ch4ot1c,complete,4,193,,2026-06-07T13:36:50.653901+00:00
github:charlesxsh,charlesxsh,complete,1,5,,2026-06-07T13:42:40.699585+00:00
github:charlieyou,charlieyou,complete,5,194,,2026-06-07T13:46:20.128094+00:00
github:chaseeb,chaseeb,complete,1,1,,2026-06-07T13:44:59.625097+00:00
github:chenyufeng1991,chenyufeng1991,complete,1,19,,2026-06-07T13:42:01.829082+00:00
github:cherryworm,CherryWorm,complete,1,9,,2026-06-07T13:46:36.859077+00:00
github:chewingglass,ChewingGlass,complete,1,1,,2026-06-07T13:46:36.425633+00:00
github:chfast,chfast,complete,1,9,,2026-06-07T13:40:56.405940+00:00
github:chinggg,chinggg,complete,5,219,,2026-06-07T13:38:01.981642+00:00
github:chris-j-h,chris-j-h,complete,1,0,,2026-06-07T13:43:13.655364+00:00
github:chrisbellew,ChrisBellew,complete,1,5,,2026-06-07T13:46:10.467527+00:00
github:chriskalani,chriskalani,complete,1,0,,2026-06-07T13:46:08.210525+00:00
github:christewart,Christewart,complete,1,22,,2026-06-07T13:36:33.946398+00:00
github:chuwt,chuwt,complete,1,45,,2026-06-07T13:42:01.229686+00:00
github:cjentzsch,CJentzsch,complete,1,5,,2026-06-07T13:40:26.088430+00:00
github:ckamm,ckamm,complete,1,0,,2026-06-07T13:44:36.947385+00:00
github:clarus,clarus,complete,23,891,,2026-06-07T13:47:36.235343+00:00
github:cmoyes-jump,cmoyes-jump,complete,1,2,,2026-06-07T13:47:01.064109+00:00
github:cocoyeal,cocoyeal,complete,1,14,,2026-06-07T13:43:14.367297+00:00
github:codemonkey6969,codemonkey6969,unavailable,1,0,GitHub no expone la pestaña pública de following,2026-06-07T13:46:08.477564+00:00
github:codeshark,CodeShark,complete,1,2,,2026-06-07T13:35:51.038553+00:00
github:codler,codler,complete,1,44,,2026-06-07T13:36:44.024059+00:00
github:colinlgray,colinlgray,complete,1,3,,2026-06-07T13:46:06.304264+00:00
github:colinlyguo,colinlyguo,complete,1,4,,2026-06-07T13:41:30.769815+00:00
github:connormcf,ConnorMcF,complete,1,4,,2026-06-07T13:45:40.567825+00:00
github:conscott,conscott,complete,1,15,,2026-06-07T13:36:59.139593+00:00
github:cooganb,cooganb,complete,1,2,,2026-06-07T13:43:14.826682+00:00
github:coreylin,CoreyLin,complete,1,0,,2026-06-07T13:41:16.265225+00:00
github:cotemper,cotemper,complete,1,14,,2026-06-07T13:46:39.841195+00:00
github:coudron,coudron,complete,1,3,,2026-06-07T13:46:09.630525+00:00
github:countvonzero,countvonzero,complete,1,2,,2026-06-07T13:43:20.820931+00:00
github:cozz,cozz,complete,1,0,,2026-06-07T13:35:36.613851+00:00
github:cperezz,CPerezz,complete,3,132,,2026-06-07T13:41:09.465649+00:00
github:cpubot,cpubot,complete,1,22,,2026-06-07T13:46:51.838763+00:00
github:cratiu222,cratiu222,complete,1,1,,2026-06-07T13:43:30.428552+00:00
github:crazysergo,CrazySerGo,complete,2,43,,2026-06-07T13:46:08.389132+00:00
github:criesofcarrots,CriesofCarrots,complete,1,0,,2026-06-07T13:44:17.169320+00:00
github:cristaloleg,cristaloleg,complete,3,87,,2026-06-07T13:42:13.491479+00:00
github:croath,croath,complete,3,98,,2026-06-07T13:42:05.484707+00:00
github:crypt-iq,Crypt-iQ,complete,1,20,,2026-06-07T13:35:47.937324+00:00
github:cryptaxe,CryptAxe,unavailable,1,0,GitHub no expone la pestaña pública de following,2026-06-07T13:38:07.134472+00:00
github:cryptopapi997,cryptopapi997,complete,1,45,,2026-06-07T13:45:12.577236+00:00
github:cskiraly,cskiraly,complete,1,3,,2026-06-07T13:40:47.993945+00:00
github:cswilson252,cswilson252,complete,1,20,,2026-06-07T13:40:58.077475+00:00
github:cubedro,cubedro,complete,1,25,,2026-06-07T13:40:50.997960+00:00
github:cuishuang,cuishuang,complete,2,85,,2026-06-07T13:42:18.252089+00:00
github:cuiweixie,cuiweixie,complete,3,107,,2026-06-07T13:40:42.728341+00:00
github:cvengler,cvengler,complete,1,27,,2026-06-07T13:36:08.292621+00:00
github:dachen0,dachen0,complete,1,31,,2026-06-07T13:47:03.826807+00:00
github:dahifi,dahifi,complete,1,19,,2026-06-07T13:46:27.777202+00:00
github:dahu33,dahu33,complete,1,6,,2026-06-07T13:42:52.326773+00:00
github:danceratopz,danceratopz,complete,2,84,,2026-06-07T13:43:18.116201+00:00
github:dancoombs,dancoombs,complete,1,0,,2026-06-07T13:46:05.359139+00:00
github:danialzhoumax,DanialZhouMAX,complete,1,0,,2026-06-07T13:41:31.697554+00:00
github:daniel-aaron-bloom,Daniel-Aaron-Bloom,complete,1,4,,2026-06-07T13:47:28.212869+00:00
github:daniel-s-ingram,daniel-s-ingram,complete,2,65,,2026-06-07T13:38:15.833080+00:00
github:danielabrozzoni,danielabrozzoni,complete,2,87,,2026-06-07T13:36:23.678093+00:00
github:danielflopez,DanielFLopez,complete,1,0,,2026-06-07T13:46:03.428191+00:00
github:danpaul000,danpaul000,complete,1,2,,2026-06-07T13:44:21.138226+00:00
github:danra,danra,complete,1,2,,2026-06-07T13:36:08.081631+00:00
github:darcys22,darcys22,complete,2,65,,2026-06-07T13:43:01.818233+00:00
github:darosior,darosior,complete,3,102,,2026-06-07T13:35:31.869710+00:00
github:davecgh,davecgh,complete,1,1,,2026-06-07T13:39:12.382537+00:00
github:davewk,DaveWK,complete,1,5,,2026-06-07T13:45:59.665149+00:00
github:davidgumberg,davidgumberg,complete,1,9,,2026-06-07T13:35:35.736924+00:00
github:davidhuie,DavidHuie,complete,1,14,,2026-06-07T13:43:31.351669+00:00
github:davidjsonn,davidjsonn,unavailable,1,0,GitHub no expone la pestaña pública de following,2026-06-07T13:41:55.360013+00:00
github:davidkleymann,davidkleymann,unavailable,1,0,GitHub no expone la pestaña pública de following,2026-06-07T13:47:27.629603+00:00
github:davidzelaya,davidzelaya,complete,1,1,,2026-06-07T13:46:18.428454+00:00
github:davxdo,davxdo,complete,7,282,,2026-06-07T13:44:55.148075+00:00
github:dbadoy,dbadoy,complete,1,8,,2026-06-07T13:40:55.137146+00:00
github:dcousens,dcousens,complete,3,92,,2026-06-07T13:39:29.821705+00:00
github:ddl-hust,ddl-hust,complete,2,50,,2026-06-07T13:43:17.874878+00:00
github:de1acr0ix,de1acr0ix,complete,1,4,,2026-06-07T13:42:35.571881+00:00
github:deanmlittle,deanmlittle,complete,1,9,,2026-06-07T13:47:13.430875+00:00
github:debris,debris,complete,4,164,,2026-06-07T13:40:43.304223+00:00
github:deffrian,deffrian,complete,1,0,,2026-06-07T13:42:44.746018+00:00
github:denispalab,denispalab,complete,1,0,,2026-06-07T13:44:27.958103+00:00
github:dependabot-support,dependabot-support,unavailable,1,0,GitHub no expone la pestaña pública de following,2026-06-07T13:44:24.115141+00:00
github:dergoegge,dergoegge,complete,1,16,,2026-06-07T13:35:29.584802+00:00
github:dertin,dertin,complete,2,61,,2026-06-07T13:37:29.013454+00:00
github:deswurstes,DesWurstes,complete,1,0,,2026-06-07T13:39:11.814788+00:00
github:devinschmitz,devinschmitz,complete,1,0,,2026-06-07T13:47:11.971793+00:00
github:dexaran,Dexaran,complete,1,1,,2026-06-07T13:41:41.409939+00:00
github:dexx7,dexX7,complete,1,23,,2026-06-07T13:35:59.477775+00:00
github:dgenr8,dgenr8,complete,1,10,,2026-06-07T13:36:00.592801+00:00
github:dherbst,dherbst,complete,1,42,,2026-06-07T13:42:20.619701+00:00
github:dhruv,dhruv,complete,1,39,,2026-06-07T13:35:55.286737+00:00
github:dhruvja,dhruvja,complete,1,5,,2026-06-07T13:46:17.648578+00:00
github:diegowilson,diegowilson,complete,1,4,,2026-06-07T13:45:40.088493+00:00
github:dillontking,dillontking,complete,1,0,,2026-06-07T13:46:17.447682+00:00
github:diman-io,diman-io,complete,1,5,,2026-06-07T13:44:34.498257+00:00
github:divan,divan,complete,1,36,,2026-06-07T13:41:59.156299+00:00
github:dk-neon,dk-neon,complete,1,0,,2026-06-07T13:45:01.543007+00:00
github:dkatzan,dkatzan,complete,1,0,,2026-06-07T13:43:30.328257+00:00
github:dm4,dm4,complete,2,61,,2026-06-07T13:42:17.584562+00:00
github:dmakarov,dmakarov,complete,1,4,,2026-06-07T13:44:26.232463+00:00
github:domob1812,domob1812,complete,1,0,,2026-06-07T13:35:42.060372+00:00
github:domt4,DomT4,complete,1,18,,2026-06-07T13:38:10.270197+00:00
github:donaloconnor,donaloconnor,complete,1,1,,2026-06-07T13:37:22.227766+00:00
github:dongcarl,dongcarl,complete,1,46,,2026-06-07T13:35:13.732726+00:00
github:dooglus,dooglus,complete,1,2,,2026-06-07T13:35:50.811758+00:00
github:dougefresh,dougEfresh,complete,1,21,,2026-06-07T13:37:09.410198+00:00
github:dr497,dr497,complete,1,6,,2026-06-07T13:44:54.033643+00:00
github:draganm,draganm,complete,1,3,,2026-06-07T13:42:18.450702+00:00
github:dragmz,dragmz,complete,1,8,,2026-06-07T13:46:33.559132+00:00
github:dragondev1906,DragonDev1906,complete,1,0,,2026-06-07T13:44:03.029912+00:00
github:drahtbot,DrahtBot,complete,1,0,,2026-06-07T13:37:25.313453+00:00
github:drebaglioni,drebaglioni,complete,1,0,,2026-06-07T13:45:04.426126+00:00
github:drewtaylors,drewtaylors,complete,1,10,,2026-06-07T13:45:09.686428+00:00
github:droark,droark,complete,1,16,,2026-06-07T13:37:13.557428+00:00
github:drstevenbrule,drstevenbrule,complete,1,0,,2026-06-07T13:43:15.794449+00:00
github:dshulyak,dshulyak,complete,1,0,,2026-06-07T13:41:55.358137+00:00
github:duanhao0814,duanhao0814,complete,1,1,,2026-06-07T13:41:58.520643+00:00
github:dubalda,dubalda,complete,1,6,,2026-06-07T13:46:44.489353+00:00
github:dumbbell,dumbbell,complete,1,25,,2026-06-07T13:47:28.397658+00:00
github:dunxen,dunxen,complete,13,410,,2026-06-07T13:40:30.675649+00:00
github:dvcrn,dvcrn,complete,1,47,,2026-06-07T13:46:19.632611+00:00
github:dzmitry-lahoda,dzmitry-lahoda,complete,4,163,,2026-06-07T13:47:21.274900+00:00
github:ebuchman,ebuchman,complete,1,25,,2026-06-07T13:41:13.345331+00:00
github:efagerho,efagerho,complete,1,0,,2026-06-07T13:46:59.450662+00:00
github:egonelbre,egonelbre,complete,2,57,,2026-06-07T13:41:00.324181+00:00
github:ehnuje,ehnuje,complete,1,1,,2026-06-07T13:42:31.606282+00:00
github:eklitzke,eklitzke,complete,2,99,,2026-06-07T13:36:04.457571+00:00
github:elichai,elichai,complete,3,133,,2026-06-07T13:36:26.260696+00:00
github:ellemouton,ellemouton,complete,1,17,,2026-06-07T13:39:06.255905+00:00
github:elliott-w,elliott-w,complete,1,2,,2026-06-07T13:46:17.198295+00:00
github:eloylp,eloylp,complete,1,38,,2026-06-07T13:46:16.493867+00:00
github:eltociear,eltociear,complete,1,5,,2026-06-07T13:41:11.030012+00:00
github:emgeee,emgeee,complete,1,38,,2026-06-07T13:46:31.494742+00:00
github:empact,Empact,complete,2,91,,2026-06-07T13:35:31.455575+00:00
github:emzy,Emzy,complete,2,97,,2026-06-07T13:39:06.273974+00:00
github:eniks,ENikS,complete,1,5,,2026-06-07T13:36:29.526409+00:00
github:enirox001,enirox001,complete,2,61,,2026-06-07T13:37:25.944624+00:00
github:enriquefynn,enriquefynn,complete,1,28,,2026-06-07T13:41:55.831769+00:00
github:eonblast,Eonblast,complete,1,0,,2026-06-07T13:44:02.873319+00:00
github:epappas,epappas,complete,2,43,,2026-06-07T13:43:36.511215+00:00
github:epicfaace,epicfaace,complete,4,162,,2026-06-07T13:46:34.201737+00:00
github:eric-warehime,Eric-Warehime,complete,1,12,,2026-06-07T13:45:08.154238+00:00
github:ericj2190,EricJ2190,complete,1,0,,2026-06-07T13:38:11.887735+00:00
github:ericlwilliams,ericlwilliams,complete,1,1,,2026-06-07T13:44:34.231027+00:00
github:ericxtheodore,ericxtheodore,complete,1,0,,2026-06-07T13:41:31.850695+00:00
github:ernestodeltoro,ernestodeltoro,complete,1,0,,2026-06-07T13:43:32.542959+00:00
github:erobit,erobit,complete,1,15,,2026-06-07T13:41:35.864368+00:00
github:ers35,ers35,complete,16,769,,2026-06-07T13:41:02.276803+00:00
github:esemeniuc,esemeniuc,complete,1,18,,2026-06-07T13:46:16.155996+00:00
github:esotericnonsense,esotericnonsense,complete,1,0,,2026-06-07T13:38:08.926710+00:00
github:estensen,estensen,complete,3,113,,2026-06-07T13:41:07.047584+00:00
github:ethanheilman,EthanHeilman,complete,4,181,,2026-06-07T13:36:49.170366+00:00
github:ethers,ethers,complete,1,5,,2026-06-07T13:41:01.898513+00:00
github:eunoia1729,Eunoia1729,complete,3,114,,2026-06-07T13:40:17.660385+00:00
github:eunovo,Eunovo,complete,1,22,,2026-06-07T13:36:42.195208+00:00
github:eval-exec,eval-exec,complete,3,140,,2026-06-07T13:37:21.643782+00:00
github:evertonfraga,evertonfraga,complete,3,97,,2026-06-07T13:43:39.856490+00:00
github:evgen-povt,evgen-povt,complete,1,1,,2026-06-07T13:41:57.169267+00:00
github:evolution404,Evolution404,unavailable,1,0,GitHub no expone la pestaña pública de following,2026-06-07T13:41:15.854976+00:00
github:exca-dk,Exca-DK,complete,1,0,,2026-06-07T13:41:42.525195+00:00
github:ezegom,ezegom,complete,1,4,,2026-06-07T13:37:54.037097+00:00
github:f8122dac91,f8122dac91,complete,1,21,,2026-06-07T13:46:26.297693+00:00
github:fallintoplace,fallintoplace,complete,1,5,,2026-06-07T13:43:58.278076+00:00
github:fametrano,fametrano,complete,1,5,,2026-06-07T13:40:03.120961+00:00
github:fanatid,fanatid,complete,3,126,,2026-06-07T13:44:37.084017+00:00
github:fanquake,fanquake,complete,1,35,,2026-06-07T13:35:08.281927+00:00
github:farazdagi,farazdagi,complete,1,20,,2026-06-07T13:42:03.756003+00:00
github:fardream,fardream,complete,1,2,,2026-06-07T13:46:10.867144+00:00
github:fcicq,fcicq,complete,1,8,,2026-06-07T13:37:36.842643+00:00
github:febo,febo,complete,1,5,,2026-06-07T13:46:54.728747+00:00
github:federicobond,federicobond,complete,3,114,,2026-06-07T13:37:46.569862+00:00
github:felipecsl,felipecsl,complete,4,189,,2026-06-07T13:46:22.027779+00:00
github:ferhatelmas,ferhatelmas,complete,1,0,,2026-06-07T13:41:13.481479+00:00
github:ferranbt,ferranbt,complete,3,98,,2026-06-07T13:44:02.223089+00:00
github:ferric-sol,ferric-sol,complete,1,7,,2026-06-07T13:47:08.762978+00:00
github:fhartwig,fhartwig,complete,1,49,,2026-06-07T13:46:15.827230+00:00
github:fibonacci747,Fibonacci747,complete,1,1,,2026-06-07T13:42:17.515466+00:00
github:fivepiece,fivepiece,complete,1,0,,2026-06-07T13:37:53.858385+00:00
github:fjahr,fjahr,complete,1,0,,2026-06-07T13:35:18.197165+00:00
github:fjl,fjl,complete,1,38,,2026-06-07T13:40:14.296714+00:00
github:fkouteib,fkouteib,complete,1,3,,2026-06-07T13:46:51.330199+00:00
github:flack,flack,complete,1,0,,2026-06-07T13:37:38.185570+00:00
github:flaque,Flaque,complete,10,451,,2026-06-07T13:46:34.160156+00:00
github:flashsheridan,FlashSheridan,complete,1,7,,2026-06-07T13:44:00.093887+00:00
github:flowdalic,Flowdalic,complete,1,1,,2026-06-07T13:37:40.906899+00:00
github:forostovec,Forostovec,complete,1,1,,2026-06-07T13:41:41.618827+00:00
github:forrestv,forrestv,complete,1,13,,2026-06-07T13:37:19.016949+00:00
github:frankc01,FrankC01,complete,1,3,,2026-06-07T13:46:43.837668+00:00
github:frankomosh,frankomosh,complete,1,32,,2026-06-07T13:36:56.100463+00:00
github:frankszendzielarz,FrankSzendzielarz,complete,1,0,,2026-06-07T13:44:00.250164+00:00
github:fredrik0x,fredrik0x,complete,1,6,,2026-06-07T13:42:17.527729+00:00
github:freewil,freewil,complete,1,49,,2026-06-07T13:37:20.449433+00:00
github:frewsxcv,frewsxcv,complete,1,11,,2026-06-07T13:41:39.091466+00:00
github:frncmx,frncmx,complete,1,4,,2026-06-07T13:40:54.699068+00:00
github:frolovdev,frolovdev,complete,5,213,,2026-06-07T13:46:27.527623+00:00
github:frozeman,frozeman,complete,1,8,,2026-06-07T13:43:52.409611+00:00
github:fsb4000,fsb4000,complete,1,6,,2026-06-07T13:37:30.778938+00:00
github:fselmo,fselmo,complete,1,46,,2026-06-07T13:41:32.316737+00:00
github:furszy,furszy,complete,1,1,,2026-06-07T13:35:15.936725+00:00
github:fxfactorial,fxfactorial,complete,3,144,,2026-06-07T13:43:38.015943+00:00
github:fyquah,fyquah,complete,1,7,,2026-06-07T13:37:19.225697+00:00
github:gagziw,GagziW,complete,1,15,,2026-06-07T13:41:42.594475+00:00
github:galoretka,Galoretka,complete,1,0,,2026-06-07T13:41:30.015531+00:00
github:garious,garious,complete,1,31,,2026-06-07T13:44:14.417548+00:00
github:garmashalex,GarmashAlex,complete,1,0,,2026-06-07T13:41:29.792842+00:00
github:gartnera,gartnera,complete,1,0,,2026-06-07T13:44:14.190086+00:00
github:gavinandresen,gavinandresen,complete,1,0,,2026-06-07T13:35:06.853706+00:00
github:gavofyork,gavofyork,complete,1,0,,2026-06-07T13:40:48.058680+00:00
github:gbalint,gbalint,complete,1,0,,2026-06-07T13:41:27.724323+00:00
github:gballet,gballet,complete,1,12,,2026-06-07T13:40:24.282720+00:00
github:gealber,Gealber,complete,1,28,,2026-06-07T13:41:59.853294+00:00
github:gebob19,gebob19,complete,2,63,,2026-06-07T13:46:28.836382+00:00
github:gentlemanskiller,GentlemansKiller,complete,1,1,,2026-06-07T13:46:43.080082+00:00
github:georgehao,georgehao,complete,2,49,,2026-06-07T13:41:22.355201+00:00
github:ggwpez,ggwpez,complete,1,2,,2026-06-07T13:42:47.611811+00:00
github:ghesericsu,GHesericsu,complete,1,27,,2026-06-07T13:46:16.596242+00:00
github:gilescope,gilescope,complete,5,190,,2026-06-07T13:45:19.228421+00:00
github:giogam,giogam,complete,1,4,,2026-06-07T13:45:41.383249+00:00
github:git-sgmoore,git-sgmoore,unavailable,1,0,GitHub no expone la pestaña pública de following,2026-06-07T13:45:22.687923+00:00
github:gitglorythegreat,gitglorythegreat,complete,1,0,,2026-06-07T13:41:32.476576+00:00
github:giulio2002,Giulio2002,complete,1,13,,2026-06-07T13:44:02.240139+00:00
github:gkrizek,gkrizek,complete,1,0,,2026-06-07T13:37:43.017868+00:00
github:globalcitizen,globalcitizen,unavailable,1,0,GitHub no expone la pestaña pública de following,2026-06-07T13:37:57.331604+00:00
github:glowang,glowang,complete,1,33,,2026-06-07T13:37:31.188242+00:00
github:glozow,glozow,complete,1,6,,2026-06-07T13:35:06.637260+00:00
github:gluk256,gluk256,complete,1,3,,2026-06-07T13:40:45.613231+00:00
github:gmaxwell,gmaxwell,unavailable,1,0,GitHub no expone la pestaña pública de following,2026-06-07T13:35:19.824748+00:00
github:gnapoli23,gnapoli23,complete,1,17,,2026-06-07T13:46:44.297215+00:00
github:go-pye,Go-pye,complete,1,11,,2026-06-07T13:45:41.066762+00:00
github:godmodegalactus,godmodegalactus,complete,1,35,,2026-06-07T13:44:48.676874+00:00
github:gooddaisy,GoodDaisy,complete,1,13,,2026-06-07T13:46:43.226657+00:00
github:gotope,gotope,complete,1,4,,2026-06-07T13:46:42.575642+00:00
github:gr8den,gr8den,complete,1,36,,2026-06-07T13:45:17.124231+00:00
github:grapebaba,GrapeBaBa,complete,10,397,,2026-06-07T13:43:50.766031+00:00
github:gravityblast,gravityblast,complete,1,3,,2026-06-07T13:42:23.939296+00:00
github:gregcusack,gregcusack,complete,1,30,,2026-06-07T13:44:45.720589+00:00
github:gregthegreek,GregTheGreek,complete,1,7,,2026-06-07T13:44:01.371739+00:00
github:grimd34th,grimd34th,complete,1,3,,2026-06-07T13:37:55.801385+00:00
github:grod220,grod220,complete,1,27,,2026-06-07T13:47:18.551288+00:00
github:gtkiller,gtkiller,complete,1,0,,2026-06-07T13:39:09.973976+00:00
github:gubatron,gubatron,complete,10,459,,2026-06-07T13:38:08.498021+00:00
github:guerrierindien,guerrierindien,complete,1,0,,2026-06-07T13:46:12.548487+00:00
github:guggero,guggero,complete,1,10,,2026-06-07T13:38:14.001521+00:00
github:gumb0,gumb0,complete,1,5,,2026-06-07T13:41:35.466823+00:00
github:gurukamath,gurukamath,complete,1,3,,2026-06-07T13:41:43.752615+00:00
github:gwillen,gwillen,complete,1,11,,2026-06-07T13:35:55.648883+00:00
github:gxxcastillo,gxxcastillo,complete,1,14,,2026-06-07T13:46:43.632315+00:00
github:gzliudan,gzliudan,complete,1,9,,2026-06-07T13:41:03.517991+00:00
github:hackmod,hackmod,complete,1,31,,2026-06-07T13:41:11.253505+00:00
github:hadv,hadv,complete,2,53,,2026-06-07T13:41:05.865495+00:00
github:halimao,Halimao,complete,2,54,,2026-06-07T13:41:22.112777+00:00
github:haocherhong,HaoCherHong,complete,1,8,,2026-06-07T13:46:42.066146+00:00
github:haoranyi,HaoranYi,complete,1,8,,2026-06-07T13:44:23.234540+00:00
github:harding,harding,complete,1,4,,2026-06-07T13:36:04.431648+00:00
github:hareeshnagaraj,hareeshnagaraj,complete,1,24,,2026-06-07T13:46:42.139776+00:00
github:hassall,Hassall,complete,1,5,,2026-06-07T13:46:42.372465+00:00
github:hawkadrian,hawkadrian,complete,1,5,,2026-06-07T13:47:31.112711+00:00
github:hbakhtiyor,hbakhtiyor,complete,3,117,,2026-06-07T13:44:11.273728+00:00
github:healthykim,healthykim,complete,1,10,,2026-06-07T13:41:07.632688+00:00
github:hebasto,hebasto,complete,1,5,,2026-06-07T13:35:06.413810+00:00
github:heikoheiko,heikoheiko,complete,1,10,,2026-06-07T13:41:42.949650+00:00
github:hendrikhofstadt,hendrikhofstadt,complete,1,5,,2026-06-07T13:46:40.805887+00:00
github:henridf,henridf,complete,1,2,,2026-06-07T13:43:17.848006+00:00
github:hernanmarino,hernanmarino,complete,1,13,,2026-06-07T13:40:01.615724+00:00
github:hero5512,hero5512,complete,4,149,,2026-06-07T13:41:08.725742+00:00
github:hguillemet,HGuillemet,complete,1,0,,2026-06-07T13:47:13.528891+00:00
github:hiddentao,hiddentao,complete,1,10,,2026-06-07T13:41:47.277609+00:00
github:hkjn,hkjn,complete,1,8,,2026-06-07T13:37:44.175250+00:00
github:hleb-albau,hleb-albau,complete,1,12,,2026-06-07T13:46:41.422511+00:00
github:hm999,HM999,complete,1,0,,2026-06-07T13:46:42.158068+00:00
github:hodlinator,hodlinator,complete,1,7,,2026-06-07T13:35:29.077952+00:00
github:holiman,holiman,complete,1,2,,2026-06-07T13:40:13.378511+00:00
github:holisticode,holisticode,complete,1,4,,2026-06-07T13:40:50.452935+00:00
github:howhsu,HowHsu,complete,1,8,,2026-06-07T13:37:18.893365+00:00
github:howjmay,howjmay,complete,2,68,,2026-06-07T13:45:31.802667+00:00
github:hqueue,hqueue,complete,1,6,,2026-06-07T13:44:05.490909+00:00
github:hrls,hrls,complete,2,55,,2026-06-07T13:45:17.172036+00:00
github:hsyodyssey,hsyodyssey,complete,4,176,,2026-06-07T13:43:29.611211+00:00
github:hteevoli,hteevoli,complete,1,0,,2026-06-07T13:41:37.131943+00:00
github:htkao,htkao,complete,1,1,,2026-06-07T13:44:06.344007+00:00
github:huge,Huge,complete,2,43,,2026-06-07T13:46:41.373826+00:00
github:huitseeker,huitseeker,complete,7,327,,2026-06-07T13:45:56.364192+00:00
github:husamelbashir,HusamElbashir,complete,1,19,,2026-06-07T13:41:59.855294+00:00
github:hycinth22,hycinth22,complete,2,71,,2026-06-07T13:47:21.075538+00:00
github:hydai,hydai,complete,4,180,,2026-06-07T13:41:39.443711+00:00
github:hydrogenbond007,hydrogenbond007,complete,8,282,,2026-06-07T13:46:05.484028+00:00
github:hyunchel,hyunchel,complete,2,45,,2026-06-07T13:41:43.449382+00:00
github:hyunsooda,hyunsooda,complete,1,0,,2026-06-07T13:44:05.487200+00:00
github:i-norden,i-norden,complete,1,9,,2026-06-07T13:44:04.645083+00:00
github:ian-kelling,ian-kelling,complete,1,3,,2026-06-07T13:40:00.346308+00:00
github:icepaq,icepaq,complete,1,21,,2026-06-07T13:46:19.619027+00:00
github:icota,icota,complete,1,5,,2026-06-07T13:35:59.495596+00:00
github:igor56d,igor56D,complete,1,0,,2026-06-07T13:46:57.704316+00:00
github:illegalcall,illegalcall,complete,1,10,,2026-06-07T13:47:30.356353+00:00
github:illia-bobyr,illia-bobyr,complete,1,6,,2026-06-07T13:44:28.931834+00:00
github:im-0,im-0,complete,1,5,,2026-06-07T13:44:41.066764+00:00
github:imalasong,imalasong,complete,1,24,,2026-06-07T13:43:20.663369+00:00
github:insp3ctre,insp3ctre,complete,1,2,,2026-06-07T13:44:07.012709+00:00
github:instagibbs,instagibbs,unavailable,1,0,GitHub no expone la pestaña pública de following,2026-06-07T13:35:16.819730+00:00
github:int88,int88,complete,1,15,,2026-06-07T13:41:52.012098+00:00
github:intelliot,intelliot,complete,2,65,,2026-06-07T13:46:19.602756+00:00
github:intokusatori,IntokuSatori,complete,1,0,,2026-06-07T13:44:49.837623+00:00
github:isghe,isghe,complete,1,7,,2026-06-07T13:39:58.561864+00:00
github:ishaanam,ishaanam,complete,1,10,,2026-06-07T13:35:47.529970+00:00
github:isle2983,isle2983,complete,1,0,,2026-06-07T13:37:01.935091+00:00
github:islishude,islishude,complete,1,22,,2026-06-07T13:40:56.918266+00:00
github:ismaelsadeeq,ismaelsadeeq,complete,1,34,,2026-06-07T13:35:34.466340+00:00
github:ivandzen,ivandzen,complete,1,2,,2026-06-07T13:45:14.280708+00:00
github:jachiang,jachiang,complete,1,47,,2026-06-07T13:36:32.754501+00:00
github:jackcmay,jackcmay,complete,1,0,,2026-06-07T13:44:15.868063+00:00
github:jackson-sandland,jackson-sandland,complete,2,74,,2026-06-07T13:44:36.286819+00:00
github:jacobcreech,jacobcreech,complete,1,9,,2026-06-07T13:44:42.866592+00:00
github:jadijadi,jadijadi,complete,2,55,,2026-06-07T13:37:47.572914+00:00
github:jaeheonji,jaeheonji,complete,1,20,,2026-06-07T13:46:40.892040+00:00
github:jaispiyush,JaisPiyush,complete,1,6,,2026-06-07T13:45:55.814368+00:00
github:jakubpajek,jakubpajek,unavailable,1,0,GitHub no expone la pestaña pública de following,2026-06-07T13:41:43.772655+00:00
github:james-c,james-c,complete,1,7,,2026-06-07T13:44:04.900014+00:00
github:jameshilliard,jameshilliard,complete,1,2,,2026-06-07T13:37:50.162184+00:00
github:jamesob,jamesob,complete,2,63,,2026-06-07T13:35:26.634237+00:00
github:janos,janos,complete,1,17,,2026-06-07T13:40:45.217764+00:00
github:jarolrod,jarolrod,complete,1,13,,2026-06-07T13:35:45.275270+00:00
github:jarry-xiao,jarry-xiao,complete,1,12,,2026-06-07T13:46:47.847768+00:00
github:jason-nitro,jason-nitro,complete,1,0,,2026-06-07T13:47:26.169321+00:00
github:jaykickliter,JayKickliter,complete,1,21,,2026-06-07T13:46:49.569972+00:00
github:jayschwa,jayschwa,complete,3,109,,2026-06-07T13:38:32.115880+00:00
github:jb55,jb55,complete,18,884,,2026-06-07T13:37:21.918898+00:00
github:jbaczuk,JBaczuk,complete,1,12,,2026-06-07T13:38:02.642800+00:00
github:jbampton,jbampton,complete,1,22,,2026-06-07T13:39:53.736484+00:00
github:jbiseda,jbiseda,complete,1,0,,2026-06-07T13:44:28.615884+00:00
github:jbossbc,JBossBC,complete,2,22,,2026-06-07T13:43:12.173940+00:00
github:jca-klk,jca-klk,complete,1,5,,2026-06-07T13:46:46.334447+00:00
github:jcleira,jcleira,complete,1,0,,2026-06-07T13:46:46.751501+00:00
github:jdavis103,jdavis103,complete,1,0,,2026-06-07T13:44:35.873579+00:00
github:jeffallen,jeffallen,complete,1,6,,2026-06-07T13:44:04.194100+00:00
github:jeffprestes,jeffprestes,complete,1,42,,2026-06-07T13:44:05.129289+00:00
github:jeffrade,jeffrade,complete,3,123,,2026-06-07T13:37:58.703189+00:00
github:jeffwalsh,jeffwalsh,complete,1,2,,2026-06-07T13:44:03.921165+00:00
github:jeffwashington,jeffwashington,complete,1,0,,2026-06-07T13:44:14.747447+00:00
github:jekamas,JekaMas,complete,1,29,,2026-06-07T13:42:09.269731+00:00
github:jeongkyun-oh,jeongkyun-oh,complete,1,0,,2026-06-07T13:43:20.335471+00:00
github:jeremyrand,JeremyRand,complete,1,18,,2026-06-07T13:36:42.027463+00:00
github:jeremyrubin,JeremyRubin,complete,1,35,,2026-06-07T13:35:39.651798+00:00
github:jeremyschlatter,jeremyschlatter,complete,1,8,,2026-06-07T13:41:15.805744+00:00
github:jerzyla,JerzyLa,complete,1,2,,2026-06-07T13:43:52.710959+00:00
github:jgarzik,jgarzik,complete,1,0,,2026-06-07T13:37:00.997721+00:00
github:jim4067,jim4067,complete,1,19,,2026-06-07T13:45:49.814506+00:00
github:jimenezrick,jimenezrick,complete,1,19,,2026-06-07T13:41:11.150649+00:00
github:jimmysong,jimmysong,complete,1,4,,2026-06-07T13:36:25.590272+00:00
github:jimpo,jimpo,complete,1,5,,2026-06-07T13:35:43.382692+00:00
github:jjmatcha,jjmatcha,complete,1,1,,2026-06-07T13:46:48.080014+00:00
github:jkat,Jkat,complete,1,0,,2026-06-07T13:46:46.132057+00:00
github:jkczyz,jkczyz,complete,1,0,,2026-06-07T13:36:27.480861+00:00
github:jkhawaja11,jkhawaja11,complete,1,0,,2026-06-07T13:45:14.641996+00:00
github:jl2012,jl2012,complete,1,0,,2026-06-07T13:35:51.722181+00:00
github:jlopp,jlopp,complete,1,2,,2026-06-07T13:36:47.683486+00:00
github:jmalcic,jmalcic,complete,1,5,,2026-06-07T13:46:47.318250+00:00
github:jmank88,jmank88,complete,1,2,,2026-06-07T13:41:43.948453+00:00
github:jmcook1186,jmcook1186,complete,1,7,,2026-06-07T13:41:58.266477+00:00
github:jmcorgan,jmcorgan,complete,1,0,,2026-06-07T13:36:54.103449+00:00
github:jmozah,jmozah,complete,2,76,,2026-06-07T13:41:52.305560+00:00
github:jnewbery,jnewbery,complete,1,5,,2026-06-07T13:35:09.262651+00:00
github:jnicholls,jnicholls,complete,1,0,,2026-06-07T13:46:39.085636+00:00
github:joaolago1113,joaolago1113,complete,1,8,,2026-06-07T13:45:13.362622+00:00
github:joelkatz,JoelKatz,complete,1,0,,2026-06-07T13:37:22.566350+00:00
github:john-moffett,john-moffett,complete,1,1,,2026-06-07T13:35:54.623983+00:00
github:johndoe389,JohnDoe389,complete,1,5,,2026-06-07T13:45:51.500910+00:00
github:jon-chuang,jon-chuang,complete,7,286,,2026-06-07T13:45:16.207140+00:00
github:jonasnick,jonasnick,complete,5,202,,2026-06-07T13:40:09.363874+00:00
github:jonasschnelli,jonasschnelli,complete,1,9,,2026-06-07T13:35:10.675440+00:00
github:jonatack,jonatack,complete,1,0,,2026-06-07T13:35:10.807836+00:00
github:joncinque,joncinque,complete,1,3,,2026-06-07T13:44:26.324622+00:00
github:joohhnnn,joohhnnn,complete,1,36,,2026-06-07T13:41:15.221201+00:00
github:jordaaash,jordaaash,complete,1,25,,2026-06-07T13:44:56.093955+00:00
github:jordanlewis,jordanlewis,complete,1,27,,2026-06-07T13:37:06.700056+00:00
github:joshkauffman,joshkauffman,complete,1,0,,2026-06-07T13:44:40.836519+00:00
github:joshtriplett,joshtriplett,complete,1,18,,2026-06-07T13:37:01.502373+00:00
github:josibake,josibake,complete,2,77,,2026-06-07T13:35:43.349843+00:00
github:jpeletier,jpeletier,complete,1,0,,2026-06-07T13:40:54.427906+00:00
github:jrakibi,jrakibi,complete,1,9,,2026-06-07T13:38:55.153242+00:00
github:jrawsthorne,jrawsthorne,complete,1,4,,2026-06-07T13:39:52.568693+00:00
github:jrhea,jrhea,complete,1,39,,2026-06-07T13:40:51.391775+00:00
github:jrmithdobbs,jrmithdobbs,complete,1,5,,2026-06-07T13:37:23.426573+00:00
github:jsign,jsign,complete,1,1,,2026-06-07T13:42:36.735171+00:00
github:jstarry,jstarry,complete,2,89,,2026-06-07T13:44:18.644128+00:00
github:jsvisa,jsvisa,complete,2,99,,2026-06-07T13:40:39.938151+00:00
github:jtimon,jtimon,complete,1,29,,2026-06-07T13:35:26.382632+00:00
github:jtraglia,jtraglia,complete,2,58,,2026-06-07T13:41:31.720329+00:00
github:jurraca,jurraca,complete,2,37,,2026-06-07T13:38:01.872737+00:00
github:justindhillon,justindhillon,complete,1,1,,2026-06-07T13:43:52.678436+00:00
github:justintarthur,JustinTArthur,complete,3,118,,2026-06-07T13:38:36.763395+00:00
github:jwasinger,jwasinger,complete,2,65,,2026-06-07T13:40:45.003151+00:00
github:jyap808,jyap808,complete,1,23,,2026-06-07T13:43:53.343577+00:00
github:kallewoof,kallewoof,complete,1,9,,2026-06-07T13:35:23.566537+00:00
github:kamaci,kamaci,complete,1,3,,2026-06-07T13:46:43.551931+00:00
github:kamandlou,Kamandlou,complete,4,150,,2026-06-07T13:43:51.406466+00:00
github:kaneshin,kaneshin,complete,1,50,,2026-06-07T13:42:40.960630+00:00
github:kaplanmaxe,kaplanmaxe,complete,1,12,,2026-06-07T13:45:42.017197+00:00
github:karalabe,karalabe,complete,1,0,,2026-06-07T13:40:08.928948+00:00
github:karlb,karlb,complete,1,10,,2026-06-07T13:42:34.001466+00:00
github:kartiksoneji,KartikSoneji,complete,1,7,,2026-06-07T13:45:49.025538+00:00
github:kashifs,kashifs,complete,1,21,,2026-06-07T13:37:50.801329+00:00
github:kasimte,kasimte,complete,2,73,,2026-06-07T13:46:48.327855+00:00
github:kazcw,kazcw,complete,1,0,,2026-06-07T13:35:55.748332+00:00
github:kcalvinalvin,kcalvinalvin,complete,1,36,,2026-06-07T13:37:51.430944+00:00
github:kchojn,kchojn,complete,1,2,,2026-06-07T13:42:33.450499+00:00
github:kdmukai,kdmukai,complete,1,3,,2026-06-07T13:38:53.894372+00:00
github:kdomanski,kdomanski,complete,1,30,,2026-06-07T13:36:15.585165+00:00
github:keienwang,keienWang,complete,4,174,,2026-06-07T13:43:57.843809+00:00
github:ken2812221,ken2812221,complete,1,3,,2026-06-07T13:35:33.073313+00:00
github:kenji-isuntv,kenji-isuntv,complete,1,0,,2026-06-07T13:42:33.522815+00:00
github:keroro520,keroro520,complete,3,103,,2026-06-07T13:43:58.560826+00:00
github:kevaundray,kevaundray,complete,1,1,,2026-06-07T13:41:32.626801+00:00
github:kevinheavey,kevinheavey,complete,1,19,,2026-06-07T13:44:43.934650+00:00
github:kevinji,kevinji,complete,1,39,,2026-06-07T13:44:45.356428+00:00
github:kevkevinpal,kevkevinpal,complete,1,13,,2026-06-07T13:35:44.536353+00:00
github:kevzettler,kevzettler,complete,1,37,,2026-06-07T13:45:12.732518+00:00
github:keystrike,keystrike,complete,1,4,,2026-06-07T13:38:01.256133+00:00
github:kielbarry,kielbarry,unavailable,1,0,GitHub no expone la pestaña pública de following,2026-06-07T13:40:55.627446+00:00
github:kilimnik,kilimnik,complete,1,30,,2026-06-07T13:45:25.385691+00:00
github:killpit,Killpit,complete,1,5,,2026-06-07T13:47:24.114240+00:00
github:kiminuo,kiminuo,unavailable,1,0,GitHub no expone la pestaña pública de following,2026-06-07T13:35:44.780306+00:00
github:kimmachinegun,KimMachineGun,complete,3,137,,2026-06-07T13:42:05.709422+00:00
github:kination,kination,complete,2,97,,2026-06-07T13:45:00.864981+00:00
github:kirilllykov,KirillLykov,complete,1,34,,2026-06-07T13:44:32.570903+00:00
github:kklas,kklas,complete,1,1,,2026-06-07T13:45:27.842790+00:00
github:klementtan,klementtan,complete,1,32,,2026-06-07T13:36:12.057363+00:00
github:klim0v,klim0v,complete,2,32,,2026-06-07T13:41:36.199476+00:00
github:kobigurk,kobigurk,complete,3,113,,2026-06-07T13:41:24.253138+00:00
github:kostaz,kostaz,complete,1,2,,2026-06-07T13:38:24.485485+00:00
github:kouloumos,kouloumos,complete,1,11,,2026-06-07T13:37:11.881863+00:00
github:krellan,Krellan,complete,4,178,,2026-06-07T13:40:00.845290+00:00
github:kristapsk,kristapsk,complete,2,57,,2026-06-07T13:36:00.810802+00:00
github:kskalski,kskalski,complete,1,0,,2026-06-07T13:46:48.741369+00:00
github:ksn6,ksn6,unavailable,1,0,GitHub no expone la pestaña pública de following,2026-06-07T13:46:54.920252+00:00
github:ksolana,ksolana,unavailable,1,0,GitHub no expone la pestaña pública de following,2026-06-07T13:46:51.101464+00:00
github:kubanemil,kubanemil,complete,2,64,,2026-06-07T13:47:09.910529+00:00
github:kumavis,kumavis,complete,36,1775,,2026-06-07T13:44:47.784981+00:00
github:kunaljaydesai,kunaljaydesai,complete,1,12,,2026-06-07T13:46:44.680681+00:00
github:kurkomisi,kurkomisi,complete,1,3,,2026-06-07T13:40:58.851659+00:00
github:kvaciral,Kvaciral,complete,1,2,,2026-06-07T13:36:41.351717+00:00
github:kwsohn,kwsohn,complete,1,2,,2026-06-07T13:46:44.023528+00:00
github:kzys,kzys,complete,2,93,,2026-06-07T13:45:50.515017+00:00
github:l0rinc,l0rinc,complete,1,11,,2026-06-07T13:35:19.233486+00:00
github:l2a5b1,l2a5b1,complete,1,0,,2026-06-07T13:36:21.063418+00:00
github:laanwj,laanwj,complete,1,10,,2026-06-07T13:35:08.327349+00:00
github:larrinator1,larrinator1,complete,1,1,,2026-06-07T13:45:46.343058+00:00
github:larryruane,LarryRuane,complete,1,16,,2026-06-07T13:36:17.076428+00:00
github:lcchy,Lcchy,complete,1,17,,2026-06-07T13:46:35.897988+00:00
github:ldenman,ldenman,complete,2,55,,2026-06-07T13:39:47.353012+00:00
github:leafaar,leafaar,complete,6,238,,2026-06-07T13:47:14.298153+00:00
github:lebdron,lebdron,complete,1,27,,2026-06-07T13:46:21.634655+00:00
github:lefterisjp,LefterisJP,complete,1,14,,2026-06-07T13:41:45.067686+00:00
github:leijurv,leijurv,complete,1,2,,2026-06-07T13:41:57.129309+00:00
github:lemzwerg,lemzwerg,complete,1,0,,2026-06-07T13:37:34.158501+00:00
github:leofantast,leofantast,complete,1,6,,2026-06-07T13:41:57.157064+00:00
github:leoluk,leoluk,unavailable,1,0,GitHub no expone la pestaña pública de following,2026-06-07T13:45:31.221228+00:00
github:levisyin,levisyin,complete,1,17,,2026-06-07T13:41:13.379561+00:00
github:levsha,levsha,complete,1,1,,2026-06-07T13:46:53.406496+00:00
github:liangdzou,liangdzou,complete,1,8,,2026-06-07T13:43:54.600048+00:00
github:libotony,libotony,complete,1,7,,2026-06-07T13:42:14.792885+00:00
github:lichtso,Lichtso,complete,1,8,,2026-06-07T13:44:20.776020+00:00
github:lieuzhenghong,lieuzhenghong,unavailable,1,0,GitHub no expone la pestaña pública de following,2026-06-07T13:46:34.607311+00:00
github:lightclient,lightclient,complete,3,142,,2026-06-07T13:40:44.636318+00:00
github:ligi,ligi,complete,17,790,,2026-06-07T13:41:32.798367+00:00
github:lijunwangs,lijunwangs,complete,1,3,,2026-06-07T13:44:27.337164+00:00
github:lilasxie,lilasxie,complete,1,12,,2026-06-07T13:43:20.981395+00:00
github:lispc,lispc,complete,27,1307,,2026-06-07T13:43:53.048032+00:00
github:lithdew,lithdew,complete,1,1,,2026-06-07T13:46:46.270900+00:00
github:llleon,LLLeon,complete,1,31,,2026-06-07T13:41:58.821063+00:00
github:lmars,lmars,complete,1,0,,2026-06-07T13:40:59.121092+00:00
github:lmittmann,lmittmann,complete,1,25,,2026-06-07T13:41:09.433274+00:00
github:lochjin,lochjin,complete,1,2,,2026-06-07T13:42:15.158486+00:00
github:locoholy,locoholy,complete,1,1,,2026-06-07T13:43:23.005938+00:00
github:loganyu,loganyu,complete,1,20,,2026-06-07T13:46:34.864130+00:00
github:longshao007,LongShao007,complete,2,59,,2026-06-07T13:38:29.249648+00:00
github:losman0s,losman0s,complete,1,4,,2026-06-07T13:44:51.499009+00:00
github:lpescher,lpescher,complete,1,0,,2026-06-07T13:38:53.141078+00:00
github:lsilva01,lsilva01,complete,1,0,,2026-06-07T13:36:36.315333+00:00
github:lstan,LStan,complete,1,0,,2026-06-07T13:46:54.632917+00:00
github:lucarlig,lucarlig,complete,1,4,,2026-06-07T13:46:34.161156+00:00
github:lucash-dev,lucash-dev,complete,1,2,,2026-06-07T13:36:38.108914+00:00
github:lucasste,LucasSte,complete,1,1,,2026-06-07T13:44:36.304285+00:00
github:lucayepa,lucayepa,complete,1,2,,2026-06-07T13:39:36.775377+00:00
github:lucia-w,lucia-w,unavailable,1,0,GitHub no expone la pestaña pública de following,2026-06-07T13:42:33.285102+00:00
github:luke-jr,luke-jr,complete,1,11,,2026-06-07T13:35:12.089610+00:00
github:lukeingalls,lukeingalls,complete,1,1,,2026-06-07T13:46:33.674190+00:00
github:lunacd,lunacd,complete,1,6,,2026-06-07T13:40:02.229436+00:00
github:m3dwards,m3dwards,complete,1,3,,2026-06-07T13:35:52.228974+00:00
github:m6xwzzz,m6xwzzz,complete,1,11,,2026-06-07T13:43:56.947150+00:00
github:maaku,maaku,complete,1,4,,2026-06-07T13:36:05.339872+00:00
github:macalinao,macalinao,complete,3,126,,2026-06-07T13:44:39.830282+00:00
github:machacekch,machacekch,complete,1,0,,2026-06-07T13:44:57.162878+00:00
github:maflcko,maflcko,unavailable,1,0,GitHub no expone la pestaña pública de following,2026-06-07T13:36:53.999211+00:00
github:magicxyyz,magicxyyz,complete,1,1,,2026-06-07T13:42:32.848992+00:00
github:makcandrov,makcandrov,complete,1,2,,2026-06-07T13:43:22.568440+00:00
github:managarmrr,Managarmrr,complete,1,18,,2026-06-07T13:47:11.885293+00:00
github:mansaj,mansaj,complete,1,8,,2026-06-07T13:41:37.429496+00:00
github:manuel-calavera,manuel-calavera,complete,1,0,,2026-06-07T13:44:48.011776+00:00
github:manugildev,manugildev,complete,1,45,,2026-06-07T13:46:34.374515+00:00
github:maoueh,maoueh,complete,1,0,,2026-06-07T13:41:31.665801+00:00
github:maradini77,maradini77,unavailable,1,0,GitHub no expone la pestaña pública de following,2026-06-07T13:42:14.839993+00:00
github:maraoz,maraoz,complete,2,97,,2026-06-07T13:37:53.137987+00:00
github:marceljay,marceljay,complete,2,53,,2026-06-07T13:46:34.596798+00:00
github:marcindsobczak,marcindsobczak,complete,1,0,,2026-06-07T13:43:55.635612+00:00
github:marcinja,marcinja,complete,2,70,,2026-06-07T13:39:40.978447+00:00
github:marcnjaramillo,marcnjaramillo,complete,1,0,,2026-06-07T13:45:44.562893+00:00
github:marcofleon,marcofleon,complete,1,0,,2026-06-07T13:35:41.938078+00:00
github:marcohextor,marcohextor,complete,1,0,,2026-06-07T13:37:02.618323+00:00
github:marioevz,marioevz,complete,1,5,,2026-06-07T13:41:14.770051+00:00
github:mariusvanderwijden,MariusVanDerWijden,complete,1,16,,2026-06-07T13:40:23.978685+00:00
github:mark-777-0,Mark-777-0,complete,1,10,,2026-06-07T13:46:31.721562+00:00
github:mark-solana,mark-solana,complete,1,0,,2026-06-07T13:44:39.140721+00:00
github:markjr94,MarkJr94,complete,1,11,,2026-06-07T13:44:40.115362+00:00
github:markya0616,markya0616,complete,1,10,,2026-06-07T13:41:11.769623+00:00
github:marnixcroes,MarnixCroes,complete,1,17,,2026-06-07T13:36:53.886855+00:00
github:martinsaposnic,martinsaposnic,complete,1,1,,2026-06-07T13:39:35.160005+00:00
github:martinus,martinus,complete,1,17,,2026-06-07T13:35:42.064373+00:00
github:martiuslim,martiuslim,complete,1,27,,2026-06-07T13:45:09.475697+00:00
github:marukai67,marukai67,unavailable,1,0,GitHub no expone la pestaña pública de following,2026-06-07T13:43:25.243795+00:00
github:masayafunakoshi1,masayafunakoshi1,complete,1,8,,2026-06-07T13:45:44.234103+00:00
github:mask-pp,mask-pp,complete,2,58,,2026-06-07T13:40:50.678672+00:00
github:matoking,Matoking,complete,1,0,,2026-06-07T13:37:28.261668+00:00
github:mattdf,mattdf,complete,1,3,,2026-06-07T13:42:31.863309+00:00
github:matthalp,matthalp,complete,1,0,,2026-06-07T13:40:53.259094+00:00
github:matuskysel,MatusKysel,complete,1,0,,2026-06-07T13:42:30.880925+00:00
github:max-block,max-block,complete,1,0,,2026-06-07T13:46:30.407549+00:00
github:maximevtush,maximevtush,unavailable,1,0,GitHub no expone la pestaña pública de following,2026-06-07T13:43:57.271987+00:00
github:maximilianmeister,MaximilianMeister,complete,1,0,,2026-06-07T13:41:56.416973+00:00
github:maxsam4,maxsam4,complete,1,3,,2026-06-07T13:43:58.160569+00:00
github:mcdee,mcdee,complete,1,0,,2026-06-07T13:41:15.460847+00:00
github:mchlhess,mchlhess,complete,1,1,,2026-06-07T13:46:39.171386+00:00
github:mcintyre94,mcintyre94,complete,1,38,,2026-06-07T13:44:58.800408+00:00
github:mdehoog,mdehoog,complete,1,1,,2026-06-07T13:43:57.195430+00:00
github:mdp,mdp,complete,1,13,,2026-06-07T13:46:31.481145+00:00
github:mekagoza,mekagoza,complete,1,0,,2026-06-07T13:45:00.610161+00:00
github:melroy89,melroy89,complete,2,48,,2026-06-07T13:46:40.297476+00:00
github:meowsbits,meowsbits,complete,1,19,,2026-06-07T13:40:53.803536+00:00
github:merland,merland,complete,1,20,,2026-06-07T13:36:38.142489+00:00
github:meshcollider,meshcollider,complete,1,11,,2026-06-07T13:35:17.924895+00:00
github:mess110,mess110,complete,1,24,,2026-06-07T13:36:46.323700+00:00
github:metaproph3t,metaproph3t,complete,1,19,,2026-06-07T13:44:53.110166+00:00
github:mexskican,mexskican,complete,1,7,,2026-06-07T13:42:21.494537+00:00
github:meyerbro,meyerbro,complete,1,7,,2026-06-07T13:46:13.487093+00:00
github:mgiuca,mgiuca,complete,1,0,,2026-06-07T13:37:27.260267+00:00
github:mibe,mibe,complete,1,4,,2026-06-07T13:38:17.460957+00:00
github:michaelfolkson,michaelfolkson,complete,6,251,,2026-06-07T13:39:13.795688+00:00
github:michaelforney,michaelforney,complete,1,31,,2026-06-07T13:41:48.778584+00:00
github:michaelh-laine,michaelh-laine,complete,1,2,,2026-06-07T13:44:41.571714+00:00
github:michaelhly,michaelhly,complete,1,37,,2026-06-07T13:46:38.911922+00:00
github:michaelschem,michaelschem,complete,1,9,,2026-06-07T13:47:26.186972+00:00
github:michagogo,Michagogo,complete,1,3,,2026-06-07T13:38:04.880726+00:00
github:microwavedcola1,microwavedcola1,complete,1,15,,2026-06-07T13:44:55.077699+00:00
github:mikehearn,mikehearn,complete,1,4,,2026-06-07T13:38:41.611787+00:00
github:mikemaccana,mikemaccana,complete,1,7,,2026-06-07T13:46:38.133437+00:00
github:miles-six,miles-six,complete,1,5,,2026-06-07T13:43:23.846206+00:00
github:miles170,miles170,complete,5,70,,2026-06-07T13:38:39.908798+00:00
github:minh-bq,minh-bq,complete,1,0,,2026-06-07T13:41:23.707196+00:00
github:mircea-c,mircea-c,complete,1,2,,2026-06-07T13:46:51.532201+00:00
github:mirobit,Mirobit,complete,1,7,,2026-06-07T13:38:40.813573+00:00
github:mirokuratczyk,mirokuratczyk,complete,1,10,,2026-06-07T13:41:48.618781+00:00
github:mischi,Mischi,complete,2,93,,2026-06-07T13:43:38.335535+00:00
github:missinglink,missinglink,complete,7,306,,2026-06-07T13:46:13.395444+00:00
github:mitchellcash,MitchellCash,complete,1,16,,2026-06-07T13:38:12.609175+00:00
github:mjain-jump,mjain-jump,complete,1,0,,2026-06-07T13:46:56.879448+00:00
github:mjdietzx,mjdietzx,complete,1,25,,2026-06-07T13:35:54.528836+00:00
github:mkarots,mkarots,complete,1,43,,2026-06-07T13:46:25.109086+00:00
github:mkeleti,mkeleti,unavailable,1,0,GitHub no expone la pestaña pública de following,2026-06-07T13:46:38.520832+00:00
github:mndrix,mndrix,complete,1,5,,2026-06-07T13:37:48.360218+00:00
github:mohanson,mohanson,complete,1,20,,2026-06-07T13:42:28.874907+00:00
github:molecula451,molecula451,complete,1,16,,2026-06-07T13:42:51.554540+00:00
github:monkeymarcel,MonkeyMarcel,complete,1,6,,2026-06-07T13:41:39.123710+00:00
github:monlovesmango,monlovesmango,complete,1,0,,2026-06-07T13:37:58.618266+00:00
github:monti-27,Monti-27,complete,1,27,,2026-06-07T13:47:27.190008+00:00
github:mooori,mooori,complete,1,2,,2026-06-07T13:44:54.578192+00:00
github:morcos,morcos,complete,1,4,,2026-06-07T13:35:21.020854+00:00
github:mozirdmitriy,MozirDmitriy,complete,1,0,,2026-06-07T13:41:37.579420+00:00
github:mqllr,MqllR,complete,1,3,,2026-06-07T13:43:54.490717+00:00
github:mrbandrews,mrbandrews,complete,1,0,,2026-06-07T13:36:04.877837+00:00
github:mrfranklin,mrFranklin,complete,5,167,,2026-06-07T13:41:10.619820+00:00
github:mrmaxmeier,Mrmaxmeier,complete,1,37,,2026-06-07T13:46:37.249345+00:00
github:mrtoph,MrToph,complete,2,51,,2026-06-07T13:46:09.519625+00:00
github:mruddy,mruddy,complete,1,0,,2026-06-07T13:36:00.461136+00:00
github:mryandao,mryandao,complete,1,0,,2026-06-07T13:38:49.446891+00:00
github:mschneider,mschneider,complete,4,158,,2026-06-07T13:44:59.383290+00:00
github:muesli,muesli,complete,9,448,,2026-06-07T13:42:41.103376+00:00
github:muggenhor,muggenhor,complete,1,4,,2026-06-07T13:35:49.585692+00:00
github:murchandamus,murchandamus,complete,1,25,,2026-06-07T13:35:37.282759+00:00
github:muse254,muse254,complete,2,83,,2026-06-07T13:42:51.813799+00:00
github:mvines,mvines,complete,1,1,,2026-06-07T13:44:14.705588+00:00
github:mysticryuujin,MysticRyuujin,complete,1,1,,2026-06-07T13:41:53.188488+00:00
github:mzumsande,mzumsande,complete,1,0,,2026-06-07T13:35:19.819480+00:00
github:n-thumann,n-thumann,complete,1,9,,2026-06-07T13:36:23.711877+00:00
github:nagaprasadvr,Nagaprasadvr,complete,2,70,,2026-06-07T13:46:40.061064+00:00
github:nagisa,nagisa,complete,1,6,,2026-06-07T13:46:54.069815+00:00
github:nagydani,nagydani,complete,1,1,,2026-06-07T13:41:15.849435+00:00
github:naiyoma,naiyoma,complete,1,40,,2026-06-07T13:36:28.600575+00:00
github:narula,narula,complete,2,78,,2026-06-07T13:37:10.229579+00:00
github:nathanbsc,NathanBSC,complete,1,0,,2026-06-07T13:41:47.413025+00:00
github:natsukagami,natsukagami,complete,1,34,,2026-06-07T13:42:29.217533+00:00
github:naumenkogs,naumenkogs,complete,1,0,,2026-06-07T13:35:44.478551+00:00
github:nbelenkov,nbelenkov,complete,1,19,,2026-06-07T13:46:56.413533+00:00
github:nebojsa94,nebojsa94,complete,1,3,,2026-06-07T13:41:38.721178+00:00
github:needkane,needkane,complete,1,17,,2026-06-07T13:43:25.227873+00:00
github:nervana21,nervana21,complete,1,21,,2026-06-07T13:38:00.173113+00:00
github:nerzh,nerzh,complete,2,74,,2026-06-07T13:46:38.107525+00:00
github:nethoxa,nethoxa,complete,1,6,,2026-06-07T13:43:25.322064+00:00
github:neurone,Neurone,complete,5,192,,2026-06-07T13:41:52.731694+00:00
github:newhouseb,newhouseb,complete,1,25,,2026-06-07T13:46:29.015108+00:00
github:ngotchac,ngotchac,complete,1,4,,2026-06-07T13:41:39.197580+00:00
github:ngundotra,ngundotra,complete,2,75,,2026-06-07T13:44:46.038436+00:00
github:nicholasgodfreyclarke,nicholasgodfreyclarke,complete,1,7,,2026-06-07T13:46:36.731383+00:00
github:nick-brown,nick-brown,complete,1,6,,2026-06-07T13:44:51.327855+00:00
github:nickfrosty,nickfrosty,complete,1,18,,2026-06-07T13:44:30.238875+00:00
github:nickgarfield,nickgarfield,complete,1,1,,2026-06-07T13:46:36.307148+00:00
github:nickguo,nickguo,complete,1,6,,2026-06-07T13:46:36.518055+00:00
github:nicksavers,nicksavers,complete,1,0,,2026-06-07T13:42:25.568031+00:00
github:nicolals,NicolaLS,complete,2,60,,2026-06-07T13:38:20.185390+00:00
github:nicolasdorier,NicolasDorier,complete,1,0,,2026-06-07T13:35:48.112066+00:00
github:nicomev,nicomev,complete,1,9,,2026-06-07T13:43:59.388892+00:00
github:nijynot,nijynot,complete,4,148,,2026-06-07T13:39:06.654774+00:00
github:nikhilsaraf,nikhilsaraf,complete,3,124,,2026-06-07T13:45:48.065511+00:00
github:nisdas,nisdas,complete,1,42,,2026-06-07T13:42:26.336346+00:00
github:nishitxmehta,nishitxmehta,complete,1,4,,2026-06-07T13:46:35.208466+00:00
github:niuxiaojie81,niuxiaojie81,complete,1,0,,2026-06-07T13:43:11.708813+00:00
github:niuzhenguo,niuzhenguo,complete,1,10,,2026-06-07T13:41:51.499099+00:00
github:nixxholas,nixxholas,complete,1,7,,2026-06-07T13:46:38.441566+00:00
github:nizsheanez,nizsheanez,complete,1,5,,2026-06-07T13:43:41.715373+00:00
github:nolash,nolash,complete,1,19,,2026-06-07T13:40:52.986376+00:00
github:non-github-bitcoin,non-github-bitcoin,complete,1,0,,2026-06-07T13:35:18.088600+00:00
github:nonsense,nonsense,complete,1,45,,2026-06-07T13:40:43.099516+00:00
github:norwnd,norwnd,complete,1,0,,2026-06-07T13:44:45.223768+00:00
github:not-sarthak,Not-Sarthak,complete,1,14,,2026-06-07T13:46:59.467034+00:00
github:nthumann,nthumann,complete,1,4,,2026-06-07T13:41:33.130359+00:00
github:nuel77,nuel77,complete,2,56,,2026-06-07T13:47:26.357184+00:00
github:nvsriram,nvsriram,complete,1,4,,2026-06-07T13:45:04.685629+00:00
github:obscuren,obscuren,complete,1,1,,2026-06-07T13:40:09.258978+00:00
github:ohld,ohld,complete,2,53,,2026-06-07T13:46:03.812559+00:00
github:ojshua,oJshua,complete,1,21,,2026-06-07T13:44:25.316454+00:00
github:okcan,okcan,complete,1,11,,2026-06-07T13:45:43.785205+00:00
github:olfillasodikno,OlfillasOdikno,complete,1,20,,2026-06-07T13:46:13.623130+00:00
github:olivernchalk,OliverNChalk,complete,1,34,,2026-06-07T13:46:50.538274+00:00
github:omahs,omahs,complete,1,3,,2026-06-07T13:45:11.140719+00:00
github:omarkilani,omarkilani,complete,2,59,,2026-06-07T13:46:01.596750+00:00
github:omerfirmak,omerfirmak,complete,1,8,,2026-06-07T13:41:00.336245+00:00
github:onlyf0ur,OnlyF0uR,complete,2,37,,2026-06-07T13:46:49.146207+00:00
github:onnie81,onnie81,complete,1,0,,2026-06-07T13:47:30.000594+00:00
github:ooolowneonooo,oooLowNeoNooo,complete,1,1,,2026-06-07T13:42:13.249828+00:00
github:optout21,optout21,complete,1,39,,2026-06-07T13:36:52.971353+00:00
github:original-brownbear,original-brownbear,complete,1,30,,2026-06-07T13:42:22.887437+00:00
github:osrm,osrm,complete,1,4,,2026-06-07T13:47:22.136265+00:00
github:ottoallmendinger,OttoAllmendinger,complete,1,5,,2026-06-07T13:37:27.426966+00:00
github:outridersol,outridersol,complete,1,0,,2026-06-07T13:45:57.298809+00:00
github:ozpool,ozpool,complete,1,4,,2026-06-07T13:43:03.415235+00:00
github:p2k,p2k,complete,1,0,,2026-06-07T13:37:31.726141+00:00
github:pablomartin4btc,pablomartin4btc,complete,2,60,,2026-06-07T13:35:52.600786+00:00
github:palango,palango,complete,1,0,,2026-06-07T13:42:07.268423+00:00
github:panghalamit,panghalamit,complete,1,11,,2026-06-07T13:46:21.027325+00:00
github:paraipan,paraipan,complete,1,12,,2026-06-07T13:38:09.551831+00:00
github:parthdesai,ParthDesai,complete,1,7,,2026-06-07T13:44:33.154553+00:00
github:pastapastapasta,PastaPastaPasta,complete,1,12,,2026-06-07T13:37:00.867553+00:00
github:pathoam,pathoam,complete,1,3,,2026-06-07T13:44:53.689485+00:00
github:patrick-ogrady,patrick-ogrady,complete,1,0,,2026-06-07T13:42:50.276315+00:00
github:paul-schaaf,paul-schaaf,complete,1,0,,2026-06-07T13:45:34.866338+00:00
github:paulrberg,PaulRBerg,complete,8,377,,2026-06-07T13:42:23.508269+00:00
github:paveljanik,paveljanik,complete,1,0,,2026-06-07T13:35:31.852055+00:00
github:pdyraga,pdyraga,complete,1,3,,2026-06-07T13:42:53.807782+00:00
github:pengin7384,pengin7384,complete,1,27,,2026-06-07T13:41:46.250080+00:00
github:peterpme,peterpme,complete,6,255,,2026-06-07T13:46:11.068827+00:00
github:petertodd,petertodd,complete,1,1,,2026-06-07T13:35:32.151474+00:00
github:pexy99,Pexy99,complete,1,6,,2026-06-07T13:44:11.793877+00:00
github:pfcoder,pfcoder,complete,1,0,,2026-06-07T13:45:52.376884+00:00
github:pgarg66,pgarg66,complete,1,0,,2026-06-07T13:44:19.015534+00:00
github:phenix3443,phenix3443,complete,1,9,,2026-06-07T13:41:33.927524+00:00
github:philcchen,philcchen,complete,1,0,,2026-06-07T13:45:33.137686+00:00
github:philippwolf,Philippwolf,complete,1,2,,2026-06-07T13:46:57.055356+00:00
github:philmb3487,philmb3487,complete,2,66,,2026-06-07T13:37:01.695680+00:00
github:phrwlk,phrwlk,complete,1,1,,2026-06-07T13:41:34.446674+00:00
github:pieceofr,pieceofr,complete,1,15,,2026-06-07T13:45:31.886649+00:00
github:pierreneter,pierreneter,complete,7,20,,2026-06-07T13:46:12.828295+00:00
github:pierrerochard,PierreRochard,complete,9,450,,2026-06-07T13:37:34.013096+00:00
github:piersy,piersy,complete,1,29,,2026-06-07T13:41:41.015336+00:00
github:pinheadmz,pinheadmz,complete,1,39,,2026-06-07T13:35:37.091493+00:00
github:pirapira,pirapira,complete,2,88,,2026-06-07T13:48:17.277592+00:00
github:pires,pires,complete,1,0,,2026-06-07T13:45:56.148173+00:00
github:pkrasam,pkrasam,complete,8,374,,2026-06-07T13:45:40.728169+00:00
github:plasmapower,PlasmaPower,complete,1,0,,2026-06-07T13:41:44.552433+00:00
github:pmerkleplant,pmerkleplant,complete,14,524,,2026-06-07T13:43:28.390389+00:00
github:polachok,polachok,complete,1,10,,2026-06-07T13:46:22.446206+00:00
github:polespinasa,polespinasa,complete,1,2,,2026-06-07T13:36:06.327104+00:00
github:prabhat1308,Prabhat1308,complete,1,12,,2026-06-07T13:38:42.515442+00:00
github:practicalswift,practicalswift,complete,1,0,,2026-06-07T13:35:09.986862+00:00
github:prestonvanloon,prestonvanloon,complete,2,83,,2026-06-07T13:42:57.181725+00:00
github:prestwich,prestwich,complete,1,4,,2026-06-07T13:41:57.696092+00:00
github:procdump,procdump,complete,1,16,,2026-06-07T13:47:01.519264+00:00
github:prographo,prographo,complete,1,2,,2026-06-07T13:45:06.370586+00:00
github:promag,promag,complete,1,43,,2026-06-07T13:35:18.459853+00:00
github:protolambda,protolambda,complete,4,171,,2026-06-07T13:41:30.279116+00:00
github:prusnak,prusnak,complete,1,2,,2026-06-07T13:36:09.744726+00:00
github:psancheti110,psancheti110,complete,1,47,,2026-06-07T13:38:40.048744+00:00
github:psogv0308,psogv0308,unavailable,1,0,GitHub no expone la pestaña pública de following,2026-06-07T13:42:13.135819+00:00
github:ptschip,ptschip,complete,1,0,,2026-06-07T13:37:38.938260+00:00
github:puhtaytow,puhtaytow,complete,9,297,,2026-06-07T13:47:11.170403+00:00
github:punk19890925,PunK19890925,complete,1,21,,2026-06-07T13:47:24.171698+00:00
github:purplekarrot,purpleKarrot,complete,1,20,,2026-06-07T13:36:46.842665+00:00
github:qianbin,qianbin,complete,1,10,,2026-06-07T13:42:08.400675+00:00
github:qkniep,qkniep,complete,5,124,,2026-06-07T13:46:58.468595+00:00
github:qqqeck,qqqeck,complete,1,5,,2026-06-07T13:43:59.580185+00:00
github:qshuai,qshuai,complete,1,30,,2026-06-07T13:42:39.314007+00:00
github:quasilyte,quasilyte,complete,2,73,,2026-06-07T13:44:07.224192+00:00
github:r-k-h,R-K-H,complete,40,1951,,2026-06-07T13:47:59.602884+00:00
github:r000n,r000n,complete,1,0,,2026-06-07T13:37:46.172317+00:00
github:r1cs,r1cs,complete,1,10,,2026-06-07T13:42:43.103545+00:00
github:radik878,radik878,complete,1,0,,2026-06-07T13:41:25.665454+00:00
github:radupasparuga,radupasparuga,complete,1,34,,2026-06-07T13:45:21.925497+00:00
github:rajarshimaitra,rajarshimaitra,complete,3,131,,2026-06-07T13:38:08.510708+00:00
github:rajgokal,rajgokal,complete,1,4,,2026-06-07T13:44:40.908722+00:00
github:ralexstokes,ralexstokes,complete,1,0,,2026-06-07T13:44:05.940758+00:00
github:rallat,rallat,complete,1,35,,2026-06-07T13:46:42.440609+00:00
github:randolf,randolf,complete,7,243,,2026-06-07T13:38:44.581140+00:00
github:randomshinichi,randomshinichi,complete,1,1,,2026-06-07T13:43:44.925865+00:00
github:randy-waterhouse,randy-waterhouse,complete,1,0,,2026-06-07T13:37:33.689433+00:00
github:randymcmillan,RandyMcMillan,complete,65,2589,,2026-06-07T13:41:34.851567+00:00
github:rayjun,rayjun,complete,1,12,,2026-06-07T13:41:12.498715+00:00
github:rdponticelli,rdponticelli,complete,1,0,,2026-06-07T13:37:39.491808+00:00
github:real-or-random,real-or-random,unavailable,1,0,GitHub no expone la pestaña pública de following,2026-06-07T13:36:49.429910+00:00
github:rebroad,rebroad,complete,1,26,,2026-06-07T13:35:48.347265+00:00
github:recursive-rat4,recursive-rat4,complete,1,2,,2026-06-07T13:36:55.157812+00:00
github:reds,reds,complete,1,10,,2026-06-07T13:43:56.188073+00:00
github:reductionista,reductionista,complete,1,13,,2026-06-07T13:41:36.806706+00:00
github:reisen,Reisen,complete,1,15,,2026-06-07T13:45:55.931507+00:00
github:rekcuy63,RekCuy63,complete,1,0,,2026-06-07T13:41:26.479996+00:00
github:remjx,remjx,complete,1,28,,2026-06-07T13:46:32.154744+00:00
github:remyroy,remyroy,complete,1,2,,2026-06-07T13:42:05.584985+00:00
github:renaynay,renaynay,complete,2,68,,2026-06-07T13:40:48.705138+00:00
github:rex4539,rex4539,complete,1,0,,2026-06-07T13:37:16.292848+00:00
github:rexicon226,Rexicon226,complete,1,2,,2026-06-07T13:47:27.980511+00:00
github:rexstjohn-anza,rexstjohn-anza,complete,1,0,,2026-06-07T13:46:58.270529+00:00
github:rhavar,RHavar,complete,1,0,,2026-06-07T13:38:33.698650+00:00
github:riateche,Riateche,complete,1,5,,2026-06-07T13:45:46.190604+00:00
github:ricardohsd,ricardohsd,complete,2,71,,2026-06-07T13:42:08.799606+00:00
github:richardkiss,richardkiss,complete,1,11,,2026-06-07T13:38:36.776820+00:00
github:richardlitt,RichardLitt,complete,4,191,,2026-06-07T13:43:03.107380+00:00
github:richayotte,RichAyotte,complete,1,32,,2026-06-07T13:45:53.915767+00:00
github:ripatel-fd,ripatel-fd,complete,2,50,,2026-06-07T13:44:45.346025+00:00
github:riptl,riptl,complete,6,278,,2026-06-07T13:44:56.900350+00:00
github:rizkyikiw42,rizkyikiw42,complete,1,0,,2026-06-07T13:41:12.580384+00:00
github:rjl493456442,rjl493456442,complete,2,100,,2026-06-07T13:40:21.860843+00:00
github:rkrasiuk,rkrasiuk,complete,3,116,,2026-06-07T13:43:01.647484+00:00
github:rkrux,rkrux,complete,1,7,,2026-06-07T13:35:40.048842+00:00
github:rlaursen,RLaursen,complete,1,6,,2026-06-07T13:45:21.414695+00:00
github:rleungx,rleungx,complete,1,0,,2026-06-07T13:45:06.168390+00:00
github:rlkelly,rlkelly,complete,1,10,,2026-06-07T13:44:34.400378+00:00
github:rmshea,rmshea,complete,1,5,,2026-06-07T13:44:34.843335+00:00
github:rob-solana,rob-solana,complete,1,0,,2026-06-07T13:44:18.985838+00:00
github:robbak,robbak,complete,1,0,,2026-06-07T13:37:47.890101+00:00
github:robert-zaremba,robert-zaremba,complete,1,14,,2026-06-07T13:41:19.688725+00:00
github:roberto-bayardo,roberto-bayardo,complete,1,0,,2026-06-07T13:41:14.647397+00:00
github:robot-dreams,robot-dreams,complete,1,7,,2026-06-07T13:38:10.253092+00:00
github:robot-visions,robot-visions,complete,1,0,,2026-06-07T13:37:39.925035+00:00
github:rociiu,rociiu,complete,2,71,,2026-06-07T13:41:29.340666+00:00
github:rocker-zhang,rocker-zhang,complete,1,1,,2026-06-07T13:47:10.855593+00:00
github:roconnor-blockstream,roconnor-blockstream,complete,1,0,,2026-06-07T13:38:36.427641+00:00
github:rodentrabies,rodentrabies,complete,1,34,,2026-06-07T13:36:02.591165+00:00
github:roederw,roederw,complete,1,37,,2026-06-07T13:44:41.837766+00:00
github:romanman,romanman,complete,1,6,,2026-06-07T13:42:05.852698+00:00
github:romanz,romanz,complete,8,350,,2026-06-07T13:36:32.720374+00:00
github:romeo4934,romeo4934,complete,1,0,,2026-06-07T13:47:28.570846+00:00
github:roques,roques,complete,1,0,,2026-06-07T13:36:57.908923+00:00
github:roryharr,roryharr,complete,1,0,,2026-06-07T13:46:49.662101+00:00
github:roveneliah,roveneliah,complete,1,41,,2026-06-07T13:41:56.085766+00:00
github:roybadami,roybadami,complete,1,0,,2026-06-07T13:37:47.580506+00:00
github:roynalnaruto,roynalnaruto,complete,2,66,,2026-06-07T13:45:55.547482+00:00
github:roysc,roysc,complete,1,2,,2026-06-07T13:42:56.400574+00:00
github:rtiscool,RTISCOOL,complete,1,0,,2026-06-07T13:45:02.476161+00:00
github:rtviii,rtviii,complete,15,717,,2026-06-07T13:45:29.356584+00:00
github:runeksvendsen,runeksvendsen,complete,1,8,,2026-06-07T13:37:09.035955+00:00
github:rustaceanrob,rustaceanrob,complete,1,40,,2026-06-07T13:38:53.107437+00:00
github:rustopian,rustopian,complete,1,5,,2026-06-07T13:47:04.026069+00:00
github:ruuda,ruuda,complete,2,67,,2026-06-07T13:44:50.195775+00:00
github:rwalker-com,rwalker-com,complete,1,0,,2026-06-07T13:45:53.696174+00:00
github:ryan-shea,ryan-shea,complete,1,0,,2026-06-07T13:44:52.398923+00:00
github:ryanofsky,ryanofsky,complete,1,1,,2026-06-07T13:35:06.388201+00:00
github:ryanschneider,ryanschneider,complete,1,3,,2026-06-07T13:40:59.332067+00:00
github:ryleung-solana,ryleung-solana,complete,1,0,,2026-06-07T13:44:31.847777+00:00
github:ryoqun,ryoqun,complete,2,50,,2026-06-07T13:44:23.134908+00:00
github:s1na,s1na,complete,2,54,,2026-06-07T13:40:35.924555+00:00
github:s3rk,S3RK,complete,1,20,,2026-06-07T13:35:40.800612+00:00
github:s7v7nislands,s7v7nislands,complete,1,43,,2026-06-07T13:40:50.490451+00:00
github:sagar-solana,sagar-solana,complete,1,0,,2026-06-07T13:44:23.254291+00:00
github:sakridge,sakridge,complete,1,11,,2026-06-07T13:44:16.408526+00:00
github:sam0x17,sam0x17,unavailable,1,0,GitHub no expone la pestaña pública de following,2026-06-07T13:47:22.146386+00:00
github:sambley,sambley,complete,1,0,,2026-06-07T13:44:30.806987+00:00
github:samkim-crypto,samkim-crypto,complete,1,0,,2026-06-07T13:44:25.699024+00:00
github:samuelmarks,SamuelMarks,complete,1,0,,2026-06-07T13:41:01.021081+00:00
github:sandakersmann,sandakersmann,complete,1,46,,2026-06-07T13:37:14.766566+00:00
github:sangilmo,SangIlMo,complete,1,1,,2026-06-07T13:42:57.973574+00:00
github:sanket1729,sanket1729,complete,2,96,,2026-06-07T13:37:40.833410+00:00
github:sashamalysehko,SashaMalysehko,complete,1,0,,2026-06-07T13:47:15.851010+00:00
github:sashass1315,sashass1315,complete,1,2,,2026-06-07T13:41:25.879644+00:00
github:savid,Savid,complete,1,20,,2026-06-07T13:43:46.389356+00:00
github:schildbach,schildbach,complete,1,4,,2026-06-07T13:37:00.267600+00:00
github:scravy,scravy,complete,1,30,,2026-06-07T13:36:12.996022+00:00
github:scriptrunner2049,scriptrunner2049,complete,1,0,,2026-06-07T13:44:50.540399+00:00
github:sdaftuar,sdaftuar,complete,1,0,,2026-06-07T13:35:13.101621+00:00
github:sdboyer,sdboyer,complete,1,45,,2026-06-07T13:41:47.219752+00:00
github:sdkfjlsfjlskdfjlsdjflsjf,sdkfjlsfjlskdfjlsdjflsjf,complete,1,0,,2026-06-07T13:36:08.001183+00:00
github:seanyoung,seanyoung,complete,1,2,,2026-06-07T13:44:37.996688+00:00
github:sebastianbor,SebastianBor,complete,1,0,,2026-06-07T13:44:47.062728+00:00
github:sebastianst,sebastianst,complete,1,44,,2026-06-07T13:42:06.606003+00:00
github:secp512k2,secp512k2,unavailable,1,0,GitHub no expone la pestaña pública de following,2026-06-07T13:38:00.522236+00:00
github:sedited,sedited,complete,1,6,,2026-06-07T13:35:15.805130+00:00
github:segfaultdoc,segfaultdoc,complete,1,21,,2026-06-07T13:45:21.571752+00:00
github:seh,seh,complete,1,0,,2026-06-07T13:42:38.221170+00:00
github:sergiodemianlerner,SergioDemianLerner,complete,1,2,,2026-06-07T13:38:33.516711+00:00
github:sethgirvan,sethgirvan,complete,1,3,,2026-06-07T13:45:22.337309+00:00
github:setpill,setpill,complete,1,0,,2026-06-07T13:37:33.574484+00:00
github:shaavan,shaavan,complete,1,3,,2026-06-07T13:36:37.724135+00:00
github:shadowfiend,Shadowfiend,complete,1,3,,2026-06-07T13:43:50.274980+00:00
github:shapeshed,shapeshed,complete,1,46,,2026-06-07T13:44:01.182412+00:00
github:sharpbracket,sharpbracket,complete,1,0,,2026-06-07T13:39:46.324327+00:00
github:shaulkf,shaulkf,unavailable,1,0,GitHub no expone la pestaña pública de following,2026-06-07T13:38:30.072696+00:00
github:shazam8253,shazam8253,complete,1,0,,2026-06-07T13:41:34.418084+00:00
github:shazow,shazow,complete,1,35,,2026-06-07T13:41:23.098356+00:00
github:shekhirin,shekhirin,complete,5,216,,2026-06-07T13:43:48.625218+00:00
github:sheldonzhong,SheldonZhong,complete,1,31,,2026-06-07T13:41:38.333142+00:00
github:shoenseiwaso,shoenseiwaso,complete,1,34,,2026-06-07T13:42:35.770437+00:00
github:shubhampalriwala,ShubhamPalriwala,complete,1,38,,2026-06-07T13:39:05.709884+00:00
github:sipa,sipa,unavailable,1,0,GitHub no expone la pestaña pública de following,2026-06-07T13:35:06.788901+00:00
github:sipsorcery,sipsorcery,complete,1,11,,2026-06-07T13:35:43.994515+00:00
github:six-days,six-days,complete,1,9,,2026-06-07T13:43:03.484876+00:00
github:sjb933,sjb933,complete,1,4,,2026-06-07T13:43:00.885604+00:00
github:sje397,sje397,complete,1,22,,2026-06-07T13:37:13.627944+00:00
github:sjonhortensius,SjonHortensius,complete,1,15,,2026-06-07T13:41:46.056418+00:00
github:sjors,Sjors,complete,1,13,,2026-06-07T13:35:13.119402+00:00
github:skeees,skeees,complete,1,9,,2026-06-07T13:36:15.337188+00:00
github:skrrb,skrrb,complete,1,10,,2026-06-07T13:44:49.593003+00:00
github:skylenet,skylenet,complete,1,23,,2026-06-07T13:41:40.033614+00:00
github:smarterhomes,SmarterHomes,complete,1,1,,2026-06-07T13:38:45.047188+00:00
github:smilenator,Smilenator,complete,1,0,,2026-06-07T13:42:04.355327+00:00
github:smoelius,smoelius,complete,1,0,,2026-06-07T13:47:17.098251+00:00
github:snezhkko,Snezhkko,complete,1,0,,2026-06-07T13:42:38.852636+00:00
github:snom3ad,snOm3ad,complete,1,2,,2026-06-07T13:46:35.275370+00:00
github:soar,soar,unavailable,1,0,GitHub no expone la pestaña pública de following,2026-06-07T13:44:13.718029+00:00
github:softalchemy,softalchemy,complete,1,1,,2026-06-07T13:44:27.557992+00:00
github:solana-grimes,solana-grimes,complete,1,0,,2026-06-07T13:44:39.491726+00:00
github:someguynamedjosh,someguynamedjosh,unavailable,1,0,GitHub no expone la pestaña pública de following,2026-06-07T13:44:59.207225+00:00
github:songzhibin97,songzhibin97,complete,1,11,,2026-06-07T13:41:54.029569+00:00
github:sonicfromnewyoke,sonicfromnewyoke,complete,2,66,,2026-06-07T13:47:12.100808+00:00
github:soniseth0,soniseth0,unavailable,1,0,GitHub no expone la pestaña pública de following,2026-06-07T13:43:03.026414+00:00
github:sorin,sorin,complete,1,0,,2026-06-07T13:41:45.526778+00:00
github:spencerlievens,spencerlievens,complete,1,3,,2026-06-07T13:39:00.924150+00:00
github:sr-gi,sr-gi,complete,1,19,,2026-06-07T13:35:52.928431+00:00
github:stablebits,stablebits,complete,1,2,,2026-06-07T13:47:04.203300+00:00
github:stackman27,stackman27,complete,1,14,,2026-06-07T13:37:53.106406+00:00
github:stegabob,stegaBOB,complete,2,87,,2026-06-07T13:47:09.750354+00:00
github:stephenbuttolph,StephenButtolph,complete,1,0,,2026-06-07T13:42:37.344309+00:00
github:stephenfire,stephenfire,complete,1,0,,2026-06-07T13:41:44.829536+00:00
github:steveluscher,steveluscher,complete,1,0,,2026-06-07T13:44:26.574994+00:00
github:stevemilk,stevemilk,complete,1,2,,2026-06-07T13:41:14.251013+00:00
github:stevenroose,stevenroose,complete,4,188,,2026-06-07T13:37:16.290749+00:00
github:steviez,steviez,complete,1,1,,2026-06-07T13:44:33.175894+00:00
github:stickies-v,stickies-v,complete,1,13,,2026-06-07T13:35:27.756910+00:00
github:str4d,str4d,complete,1,3,,2026-06-07T13:36:29.704693+00:00
github:stratospher,stratospher,unavailable,1,0,GitHub no expone la pestaña pública de following,2026-06-07T13:35:37.095885+00:00
github:stringintech,stringintech,complete,1,7,,2026-06-07T13:37:06.330892+00:00
github:strykerin,strykerin,complete,1,16,,2026-06-07T13:45:06.552018+00:00
github:suiyuan1314,suiyuan1314,complete,1,8,,2026-06-07T13:42:36.711959+00:00
github:sunnygleason,sunnygleason,complete,40,1963,,2026-06-07T13:45:53.525562+00:00
github:super3,super3,complete,1,34,,2026-06-07T13:36:09.576611+00:00
github:suriyaa,suriyaa,complete,100,4904,,2026-06-07T13:43:54.956316+00:00
github:svenski123,svenski123,complete,1,1,,2026-06-07T13:43:54.078069+00:00
github:swarna1101,swarna1101,complete,1,6,,2026-06-07T13:47:02.486755+00:00
github:t-bast,t-bast,unavailable,1,0,GitHub no expone la pestaña pública de following,2026-06-07T13:38:00.517233+00:00
github:t-nelson,t-nelson,complete,1,2,,2026-06-07T13:44:17.003841+00:00
github:taeguk,taeguk,complete,6,196,,2026-06-07T13:42:48.174345+00:00
github:tailingchen,tailingchen,complete,1,0,,2026-06-07T13:43:58.388180+00:00
github:takeshikurosawaa,takeshikurosawaa,complete,1,0,,2026-06-07T13:38:47.365408+00:00
github:tanvirman,tanvirman,complete,1,0,,2026-06-07T13:41:40.436471+00:00
github:tao-stones,tao-stones,complete,1,3,,2026-06-07T13:44:24.432217+00:00
github:tbocek,tbocek,complete,1,0,,2026-06-07T13:41:45.746865+00:00
github:tdb3,tdb3,complete,1,5,,2026-06-07T13:35:44.478551+00:00
github:terasum,terasum,complete,2,95,,2026-06-07T13:41:55.130886+00:00
github:testwill,testwill,complete,1,7,,2026-06-07T13:43:17.626470+00:00
github:tgerring,tgerring,complete,1,8,,2026-06-07T13:40:18.996818+00:00
github:thebluematt,TheBlueMatt,unavailable,1,0,GitHub no expone la pestaña pública de following,2026-06-07T13:35:13.951104+00:00
github:thequantumphysicist,TheQuantumPhysicist,complete,1,0,,2026-06-07T13:37:56.560441+00:00
github:thestack,theStack,complete,4,185,,2026-06-07T13:35:24.003709+00:00
github:theuni,theuni,complete,1,1,,2026-06-07T13:35:10.489695+00:00
github:thinkafcod,thinkAfCod,complete,1,10,,2026-06-07T13:43:05.880130+00:00
github:tholenst,tholenst,complete,1,0,,2026-06-07T13:38:59.278356+00:00
github:tianyeyouyou,tianyeyouyou,complete,1,0,,2026-06-07T13:42:12.323327+00:00
github:timcooijmans,timcooijmans,complete,1,0,,2026-06-07T13:42:42.114374+00:00
github:tjdawson10,TJDawson10,complete,1,0,,2026-06-07T13:45:19.012629+00:00
github:tjkyner,tjkyner,complete,1,0,,2026-06-07T13:45:20.598670+00:00
github:tjps,tjps,complete,1,4,,2026-06-07T13:36:34.169478+00:00
github:tmelhao,tmelhao,complete,1,10,,2026-06-07T13:41:36.721988+00:00
github:tomasandroil,tomasandroil,complete,1,37,,2026-06-07T13:42:42.777729+00:00
github:tomjohn1028,tomjohn1028,complete,1,0,,2026-06-07T13:45:19.258617+00:00
github:tooshinoko,tooshiNoko,complete,1,5,,2026-06-07T13:42:30.758996+00:00
github:topointon-jump,topointon-jump,complete,1,0,,2026-06-07T13:47:21.161603+00:00
github:torkelrogstad,torkelrogstad,complete,2,79,,2026-06-07T13:37:48.990726+00:00
github:totikom,totikom,complete,1,33,,2026-06-07T13:46:16.616861+00:00
github:tpompon,tpompon,complete,1,21,,2026-06-07T13:45:04.158347+00:00
github:tr1sm0s1n,tr1sm0s1n,complete,1,6,,2026-06-07T13:41:48.442749+00:00
github:tredondo,tredondo,unavailable,1,0,GitHub no expone la pestaña pública de following,2026-06-07T13:44:41.088321+00:00
github:trillom8,trillom8,complete,1,0,,2026-06-07T13:43:06.254868+00:00
github:tristan-wilson,Tristan-Wilson,complete,1,8,,2026-06-07T13:42:42.964788+00:00
github:tristandebrunner,TristanDebrunner,complete,1,0,,2026-06-07T13:44:43.099774+00:00
github:troygiorshev,troygiorshev,complete,1,16,,2026-06-07T13:35:57.579299+00:00
github:trung,trung,complete,1,15,,2026-06-07T13:42:16.478583+00:00
github:turboboost55,turboboost55,complete,1,0,,2026-06-07T13:43:06.007991+00:00
github:turshija,turshija,complete,1,11,,2026-06-07T13:46:27.326914+00:00
github:tyler-hardin,Tyler-Hardin,complete,1,0,,2026-06-07T13:38:57.059741+00:00
github:tynes,tynes,complete,6,261,,2026-06-07T13:44:03.179331+00:00
github:typ3castter,typ3castter,complete,1,3,,2026-06-07T13:46:12.238548+00:00
github:u32luke,u32luke,complete,4,114,,2026-06-07T13:46:40.623020+00:00
github:ucwong,ucwong,complete,1,1,,2026-06-07T13:40:40.278127+00:00
github:udjinm6,UdjinM6,complete,1,0,,2026-06-07T13:36:58.240554+00:00
github:uji,uji,complete,1,46,,2026-06-07T13:42:11.361656+00:00
github:ultd,ultd,complete,1,2,,2026-06-07T13:46:24.321369+00:00
github:undefinedor,undefinedor,complete,1,12,,2026-06-07T13:41:49.472767+00:00
github:unordered-set,unordered-set,complete,1,16,,2026-06-07T13:46:45.239670+00:00
github:vadimgrznk,VadimGrznk,complete,1,0,,2026-06-07T13:45:18.892628+00:00
github:vadorovsky,vadorovsky,complete,4,176,,2026-06-07T13:45:05.763135+00:00
github:vasild,vasild,complete,1,0,,2026-06-07T13:35:14.276099+00:00
github:vbuterin,vbuterin,complete,1,1,,2026-06-07T13:40:48.814319+00:00
github:vegard,vegard,complete,1,11,,2026-06-07T13:37:30.249123+00:00
github:vickkkkkyy,vickkkkkyy,complete,1,9,,2026-06-07T13:41:10.234485+00:00
github:vieyang,vieyang,complete,1,19,,2026-06-07T13:41:49.328976+00:00
github:vinniefalco,vinniefalco,complete,1,4,,2026-06-07T13:37:44.191161+00:00
github:vipocenka,vipocenka,complete,1,11,,2026-06-07T13:42:46.586661+00:00
github:virtu,virtu,complete,1,0,,2026-06-07T13:37:34.870416+00:00
github:visortelle,visortelle,complete,7,308,,2026-06-07T13:45:38.188113+00:00
github:volodymyrbg,VolodymyrBg,complete,1,7,,2026-06-07T13:41:12.625493+00:00
github:vor0220,VoR0220,complete,1,12,,2026-06-07T13:41:40.043034+00:00
github:vovkman,vovkman,complete,1,0,,2026-06-07T13:46:35.045689+00:00
github:vpontis,vpontis,complete,2,65,,2026-06-07T13:45:02.980123+00:00
github:vtsurka,vtsurka,complete,1,21,,2026-06-07T13:45:18.423777+00:00
github:vuittont60,vuittont60,complete,1,15,,2026-06-07T13:42:10.586991+00:00
github:w0xlt,w0xlt,complete,1,3,,2026-06-07T13:35:35.530291+00:00
github:waitfreemaxi,waitfreemaxi,complete,1,0,,2026-06-07T13:47:19.744569+00:00
github:waketraindev,waketraindev,unavailable,1,0,GitHub no expone la pestaña pública de following,2026-06-07T13:37:35.237332+00:00
github:wangjingcun,wangjingcun,complete,1,0,,2026-06-07T13:43:05.309294+00:00
github:wbt,wbt,complete,1,3,,2026-06-07T13:43:07.530427+00:00
github:weiihann,weiihann,complete,1,4,,2026-06-07T13:41:08.899049+00:00
github:weimumu,weimumu,complete,1,13,,2026-06-07T13:43:08.076788+00:00
github:wellnana,wellnana,complete,1,8,,2026-06-07T13:43:07.821766+00:00
github:wemeetagain,wemeetagain,complete,5,218,,2026-06-07T13:42:29.728288+00:00
github:wen-coding,wen-coding,complete,1,0,,2026-06-07T13:44:38.275225+00:00
github:wgliang,wgliang,complete,2,81,,2026-06-07T13:44:02.400171+00:00
github:whitj00,whitj00,complete,1,1,,2026-06-07T13:37:35.235507+00:00
github:whitslack,whitslack,complete,1,0,,2026-06-07T13:38:21.975906+00:00
github:wildebeest,Wildebeest,complete,3,101,,2026-06-07T13:45:47.634000+00:00
github:willcl-ark,willcl-ark,complete,1,16,,2026-06-07T13:35:32.157086+00:00
github:willhickey,willhickey,complete,1,3,,2026-06-07T13:44:41.423152+00:00
github:willianpaixao,willianpaixao,complete,3,114,,2026-06-07T13:43:12.991220+00:00
github:windsok,windsok,complete,1,15,,2026-06-07T13:38:46.976771+00:00
github:wit765,wit765,complete,1,1,,2026-06-07T13:42:10.268536+00:00
github:wizeman,wizeman,complete,1,0,,2026-06-07T13:36:48.535292+00:00
github:wjmelements,wjmelements,complete,1,1,,2026-06-07T13:42:03.107936+00:00
github:wraith7,wraith7,complete,1,19,,2026-06-07T13:41:57.188918+00:00
github:wtogami,wtogami,complete,1,2,,2026-06-07T13:36:00.943973+00:00
github:wuestholz,wuestholz,complete,1,1,,2026-06-07T13:41:40.315444+00:00
github:wuxiangzhou2010,wuxiangzhou2010,complete,1,23,,2026-06-07T13:41:51.114564+00:00
github:xcthulhu,xcthulhu,complete,1,14,,2026-06-07T13:41:38.933989+00:00
github:xiangzhu70,xiangzhu70,complete,1,0,,2026-06-07T13:44:30.192304+00:00
github:xincaosu,xincaosu,complete,1,3,,2026-06-07T13:43:09.279330+00:00
github:xuanwo,Xuanwo,complete,6,279,,2026-06-07T13:47:27.616021+00:00
github:yahya-cloud,yahya-cloud,complete,1,0,,2026-06-07T13:46:37.397216+00:00
github:yamijuan,yamijuan,complete,1,5,,2026-06-07T13:46:46.648742+00:00
github:yancyribbens,yancyribbens,complete,1,9,,2026-06-07T13:36:52.387286+00:00
github:yangli-io,yangli-io,complete,1,12,,2026-06-07T13:45:03.625048+00:00
github:yhchiang-sol,yhchiang-sol,complete,1,14,,2026-06-07T13:44:25.415636+00:00
github:yihau,yihau,complete,4,161,,2026-06-07T13:44:29.522125+00:00
github:yondonfu,yondonfu,complete,1,4,,2026-06-07T13:41:50.095251+00:00
github:yosuzzy,yosuzzy,complete,1,6,,2026-06-07T13:43:09.945511+00:00
github:yusufsahinhamza,yusufsahinhamza,complete,1,1,,2026-06-07T13:37:51.415806+00:00
github:yuvicc,yuvicc,unavailable,1,0,GitHub no expone la pestaña pública de following,2026-06-07T13:36:53.897102+00:00
github:yyhrnk,yyhrnk,complete,1,0,,2026-06-07T13:47:20.725209+00:00
github:zach871,zach871,complete,1,0,,2026-06-07T13:41:37.978004+00:00
github:zahin-mohammad,zahin-mohammad,complete,1,43,,2026-06-07T13:45:16.344477+00:00
github:zeevick10,zeevick10,unavailable,1,0,GitHub no expone la pestaña pública de following,2026-06-07T13:47:23.162491+00:00
github:zelig,zelig,complete,1,1,,2026-06-07T13:40:20.651787+00:00
github:zero-1729,Zero-1729,complete,2,92,,2026-06-07T13:37:30.791502+00:00
github:zgfzgf,zgfzgf,complete,1,0,,2026-06-07T13:43:09.700774+00:00
github:zhiqiangxu,zhiqiangxu,complete,3,125,,2026-06-07T13:40:57.219696+00:00
github:ziogaschr,ziogaschr,complete,3,102,,2026-06-07T13:41:24.285573+00:00
github:zoenolan,zoenolan,complete,1,8,,2026-06-07T13:42:44.387022+00:00
github:zoereco,zoereco,unavailable,1,0,GitHub no expone la pestaña pública de following,2026-06-07T13:43:11.906868+00:00
github:zramsay,zramsay,complete,14,630,,2026-06-07T13:48:32.104507+00:00
github:zsfelfoldi,zsfelfoldi,complete,1,0,,2026-06-07T13:40:27.376579+00:00
github:zw,zw,complete,1,0,,2026-06-07T13:37:30.682221+00:00
github:zz-sol,zz-sol,unavailable,1,0,GitHub no expone la pestaña pública de following,2026-06-07T13:47:01.539800+00:00
github:zzyalbert,zzyalbert,complete,1,17,,2026-06-07T13:42:02.481348+00:00
